biosample	scE2G_multiome	scE2G_ATAC	pgBoost	ArchR	Signac	Cicero	SCENT	FigR	SCARlink	EPCOT	scABC	Kendall	ABC_distanceToTSS	GTExTissue
imac_cholesterol	/scratch/users/kaybrand/Data/CharacterizationMcGinnis_Dataset4/imac_cholesterol/CharacterizationMcGinnis_Dataset4_imac_cholesterol_scE2G_multiome_powerlaw_v3.e2g.tsv.gz	/scratch/users/kaybrand/Data/CharacterizationMcGinnis_Dataset4/imac_cholesterol/CharacterizationMcGinnis_Dataset4_imac_cholesterol_scE2G_scATAC_powerlaw_v3.e2g.tsv.gz	/scratch/users/kaybrand/Data/CharacterizationMcGinnis_Dataset4/imac_cholesterol/CharacterizationMcGinnis_Dataset4_imac_cholesterol_pgBoost.e2g.tsv.gz	/scratch/users/kaybrand/Data/CharacterizationMcGinnis_Dataset4/imac_cholesterol/CharacterizationMcGinnis_Dataset4_imac_cholesterol_ArchR.e2g.tsv.gz	/scratch/users/kaybrand/Data/CharacterizationMcGinnis_Dataset4/imac_cholesterol/CharacterizationMcGinnis_Dataset4_imac_cholesterol_Signac.e2g.tsv.gz	/scratch/users/kaybrand/Data/CharacterizationMcGinnis_Dataset4/imac_cholesterol/CharacterizationMcGinnis_Dataset4.iMac_cholesterol.Cicero.e2g.tsv.gz	/scratch/users/kaybrand/Data/CharacterizationMcGinnis_Dataset4/imac_cholesterol/CharacterizationMcGinnis_Dataset4_imac_cholesterol_SCENT.e2g.tsv.gz	/scratch/users/kaybrand/Data/CharacterizationMcGinnis_Dataset4/imac_cholesterol/CharacterizationMcGinnis_Dataset4.imac_cholesterol.FigR.e2g.tsv.gz			/oak/stanford/groups/engreitz/Users/kaybrand/scE2G/results/CharacterizationMcGinnis_Dataset4/imac_cholesterol/multiome_powerlaw_v3/encode_e2g_predictions.tsv.gz	/oak/stanford/groups/engreitz/Users/kaybrand/scE2G/results/CharacterizationMcGinnis_Dataset4/imac_cholesterol/multiome_powerlaw_v3/encode_e2g_predictions.tsv.gz	/oak/stanford/groups/engreitz/Users/kaybrand/scE2G/results/CharacterizationMcGinnis_Dataset4/imac_cholesterol/multiome_powerlaw_v3/encode_e2g_predictions.tsv.gz	dendritic,myeloid,blood
imac_unstim	/scratch/users/kaybrand/Data/CharacterizationMcGinnis_Dataset4/imac_unstim/CharacterizationMcGinnis_Dataset4_imac_unstim_scE2G_multiome_powerlaw_v3.e2g.tsv.gz	/scratch/users/kaybrand/Data/CharacterizationMcGinnis_Dataset4/imac_unstim/CharacterizationMcGinnis_Dataset4_imac_unstim_scE2G_scATAC_powerlaw_v3.e2g.tsv.gz	/scratch/users/kaybrand/Data/CharacterizationMcGinnis_Dataset4/imac_unstim/CharacterizationMcGinnis_Dataset4_imac_unstim_pgBoost.e2g.tsv.gz	/scratch/users/kaybrand/Data/CharacterizationMcGinnis_Dataset4/imac_unstim/CharacterizationMcGinnis_Dataset4_imac_unstim_ArchR.e2g.tsv.gz	/scratch/users/kaybrand/Data/CharacterizationMcGinnis_Dataset4/imac_unstim/CharacterizationMcGinnis_Dataset4_imac_unstim_Signac.e2g.tsv.gz	/scratch/users/kaybrand/Data/CharacterizationMcGinnis_Dataset4/imac_unstim/CharacterizationMcGinnis_Dataset4.iMac_unstimulated.Cicero.e2g.tsv.gz		/scratch/users/kaybrand/Data/CharacterizationMcGinnis_Dataset4/imac_unstim/CharacterizationMcGinnis_Dataset4.imac_unstim.FigR.e2g.tsv.gz			/oak/stanford/groups/engreitz/Users/kaybrand/scE2G/results/CharacterizationMcGinnis_Dataset4/imac_unstim/multiome_powerlaw_v3/encode_e2g_predictions.tsv.gz	/oak/stanford/groups/engreitz/Users/kaybrand/scE2G/results/CharacterizationMcGinnis_Dataset4/imac_unstim/multiome_powerlaw_v3/encode_e2g_predictions.tsv.gz	/oak/stanford/groups/engreitz/Users/kaybrand/scE2G/results/CharacterizationMcGinnis_Dataset4/imac_unstim/multiome_powerlaw_v3/encode_e2g_predictions.tsv.gz	dendritic,myeloid,blood
imac_precursor	/scratch/users/kaybrand/Data/CharacterizationMcGinnis_Dataset4/imac_precursor/CharacterizationMcGinnis_Dataset4_imac_precursor_scE2G_multiome_powerlaw_v3.e2g.tsv.gz	/scratch/users/kaybrand/Data/CharacterizationMcGinnis_Dataset4/imac_precursor/CharacterizationMcGinnis_Dataset4_imac_precursor_scE2G_scATAC_powerlaw_v3.e2g.tsv.gz	/scratch/users/kaybrand/Data/CharacterizationMcGinnis_Dataset4/imac_precursor/CharacterizationMcGinnis_Dataset4_imac_precursor_pgBoost.e2g.tsv.gz	/scratch/users/kaybrand/Data/CharacterizationMcGinnis_Dataset4/imac_precursor/CharacterizationMcGinnis_Dataset4_imac_precursor_ArchR.e2g.tsv.gz	/scratch/users/kaybrand/Data/CharacterizationMcGinnis_Dataset4/imac_precursor/CharacterizationMcGinnis_Dataset4_imac_precursor_Signac.e2g.tsv.gz	/scratch/users/kaybrand/Data/CharacterizationMcGinnis_Dataset4/imac_precursor/CharacterizationMcGinnis_Dataset4.iMac_precursor.Cicero.e2g.tsv.gz		/scratch/users/kaybrand/Data/CharacterizationMcGinnis_Dataset4/imac_precursor/CharacterizationMcGinnis_Dataset4.imac_precursor.FigR.e2g.tsv.gz			/oak/stanford/groups/engreitz/Users/kaybrand/scE2G/results/CharacterizationMcGinnis_Dataset4/imac_precursor/multiome_powerlaw_v3/encode_e2g_predictions.tsv.gz	/oak/stanford/groups/engreitz/Users/kaybrand/scE2G/results/CharacterizationMcGinnis_Dataset4/imac_precursor/multiome_powerlaw_v3/encode_e2g_predictions.tsv.gz	/oak/stanford/groups/engreitz/Users/kaybrand/scE2G/results/CharacterizationMcGinnis_Dataset4/imac_precursor/multiome_powerlaw_v3/encode_e2g_predictions.tsv.gz	dendritic,myeloid,blood
imac_m2	/scratch/users/kaybrand/Data/CharacterizationMcGinnis_Dataset4/imac_m2/CharacterizationMcGinnis_Dataset4_imac_m2_scE2G_multiome_powerlaw_v3.e2g.tsv.gz	/scratch/users/kaybrand/Data/CharacterizationMcGinnis_Dataset4/imac_m2/CharacterizationMcGinnis_Dataset4_imac_m2_scE2G_scATAC_powerlaw_v3.e2g.tsv.gz	/scratch/users/kaybrand/Data/CharacterizationMcGinnis_Dataset4/imac_m2/CharacterizationMcGinnis_Dataset4_imac_m2_pgBoost.e2g.tsv.gz	/scratch/users/kaybrand/Data/CharacterizationMcGinnis_Dataset4/imac_m2/CharacterizationMcGinnis_Dataset4_imac_m2_ArchR.e2g.tsv.gz	/scratch/users/kaybrand/Data/CharacterizationMcGinnis_Dataset4/imac_m2/CharacterizationMcGinnis_Dataset4_imac_m2_Signac.e2g.tsv.gz	/scratch/users/kaybrand/Data/CharacterizationMcGinnis_Dataset4/imac_m2/CharacterizationMcGinnis_Dataset4.iMac_M2.Cicero.e2g.tsv.gz	/scratch/users/kaybrand/Data/CharacterizationMcGinnis_Dataset4/imac_m2/CharacterizationMcGinnis_Dataset4_imac_m2_SCENT.e2g.tsv.gz	/scratch/users/kaybrand/Data/CharacterizationMcGinnis_Dataset4/imac_m2/CharacterizationMcGinnis_Dataset4.imac_m2.FigR.e2g.tsv.gz			/oak/stanford/groups/engreitz/Users/kaybrand/scE2G/results/CharacterizationMcGinnis_Dataset4/imac_m2/multiome_powerlaw_v3/encode_e2g_predictions.tsv.gz	/oak/stanford/groups/engreitz/Users/kaybrand/scE2G/results/CharacterizationMcGinnis_Dataset4/imac_m2/multiome_powerlaw_v3/encode_e2g_predictions.tsv.gz	/oak/stanford/groups/engreitz/Users/kaybrand/scE2G/results/CharacterizationMcGinnis_Dataset4/imac_m2/multiome_powerlaw_v3/encode_e2g_predictions.tsv.gz	dendritic,myeloid,blood
imac_m1	/scratch/users/kaybrand/Data/CharacterizationMcGinnis_Dataset4/imac_m1/CharacterizationMcGinnis_Dataset4_imac_m1_scE2G_multiome_powerlaw_v3.e2g.tsv.gz	/scratch/users/kaybrand/Data/CharacterizationMcGinnis_Dataset4/imac_m1/CharacterizationMcGinnis_Dataset4_imac_m1_scE2G_scATAC_powerlaw_v3.e2g.tsv.gz	/scratch/users/kaybrand/Data/CharacterizationMcGinnis_Dataset4/imac_m1/CharacterizationMcGinnis_Dataset4_imac_m1_pgBoost.e2g.tsv.gz	/scratch/users/kaybrand/Data/CharacterizationMcGinnis_Dataset4/imac_m1/CharacterizationMcGinnis_Dataset4_imac_m1_ArchR.e2g.tsv.gz	/scratch/users/kaybrand/Data/CharacterizationMcGinnis_Dataset4/imac_m1/CharacterizationMcGinnis_Dataset4_imac_m1_Signac.e2g.tsv.gz	/scratch/users/kaybrand/Data/CharacterizationMcGinnis_Dataset4/imac_m1/CharacterizationMcGinnis_Dataset4.iMac_M1.Cicero.e2g.tsv.gz		/scratch/users/kaybrand/Data/CharacterizationMcGinnis_Dataset4/imac_m1/CharacterizationMcGinnis_Dataset4.imac_m1.FigR.e2g.tsv.gz			/oak/stanford/groups/engreitz/Users/kaybrand/scE2G/results/CharacterizationMcGinnis_Dataset4/imac_m1/multiome_powerlaw_v3/encode_e2g_predictions.tsv.gz	/oak/stanford/groups/engreitz/Users/kaybrand/scE2G/results/CharacterizationMcGinnis_Dataset4/imac_m1/multiome_powerlaw_v3/encode_e2g_predictions.tsv.gz	/oak/stanford/groups/engreitz/Users/kaybrand/scE2G/results/CharacterizationMcGinnis_Dataset4/imac_m1/multiome_powerlaw_v3/encode_e2g_predictions.tsv.gz	dendritic,myeloid,blood
neuron_hon_D20	/scratch/users/kaybrand/Data/CharacterizationMcGinnis_Dataset5/neuron_hon_D20/CharacterizationMcGinnis_Dataset5_neuron_hon_D20_scE2G_multiome_powerlaw_v3.e2g.tsv.gz	/scratch/users/kaybrand/Data/CharacterizationMcGinnis_Dataset5/neuron_hon_D20/CharacterizationMcGinnis_Dataset5_neuron_hon_D20_scE2G_scATAC_powerlaw_v3.e2g.tsv.gz	/scratch/users/kaybrand/Data/CharacterizationMcGinnis_Dataset5/neuron_hon_D20/CharacterizationMcGinnis_Dataset5_neuron_hon_D20_pgBoost.e2g.tsv.gz	/scratch/users/kaybrand/Data/CharacterizationMcGinnis_Dataset5/neuron_hon_D20/CharacterizationMcGinnis_Dataset5_neuron_hon_D20_ArchR.e2g.tsv.gz	/scratch/users/kaybrand/Data/CharacterizationMcGinnis_Dataset5/neuron_hon_D20/CharacterizationMcGinnis_Dataset5_neuron_hon_D20_Signac.e2g.tsv.gz	/scratch/users/kaybrand/Data/CharacterizationMcGinnis_Dataset5/neuron_hon_D20/CharacterizationMcGinnis_Dataset5.Neuron_Hon_t3_d20.Cicero.e2g.tsv.gz		/scratch/users/kaybrand/Data/CharacterizationMcGinnis_Dataset5/neuron_hon_D20/CharacterizationMcGinnis_Dataset5.neuron_hon_t3.FigR.e2g.tsv.gz			/oak/stanford/groups/engreitz/Users/kaybrand/scE2G/results/CharacterizationMcGinnis_Dataset5/neuron_hon_D20/multiome_powerlaw_v3/encode_e2g_predictions.tsv.gz	/oak/stanford/groups/engreitz/Users/kaybrand/scE2G/results/CharacterizationMcGinnis_Dataset5/neuron_hon_D20/multiome_powerlaw_v3/encode_e2g_predictions.tsv.gz	/oak/stanford/groups/engreitz/Users/kaybrand/scE2G/results/CharacterizationMcGinnis_Dataset5/neuron_hon_D20/multiome_powerlaw_v3/encode_e2g_predictions.tsv.gz	
neuron_hon_D11	/scratch/users/kaybrand/Data/CharacterizationMcGinnis_Dataset5/neuron_hon_D11/CharacterizationMcGinnis_Dataset5_neuron_hon_D11_scE2G_multiome_powerlaw_v3.e2g.tsv.gz	/scratch/users/kaybrand/Data/CharacterizationMcGinnis_Dataset5/neuron_hon_D11/CharacterizationMcGinnis_Dataset5_neuron_hon_D11_scE2G_scATAC_powerlaw_v3.e2g.tsv.gz	/scratch/users/kaybrand/Data/CharacterizationMcGinnis_Dataset5/neuron_hon_D11/CharacterizationMcGinnis_Dataset5_neuron_hon_D11_pgBoost.e2g.tsv.gz	/scratch/users/kaybrand/Data/CharacterizationMcGinnis_Dataset5/neuron_hon_D11/CharacterizationMcGinnis_Dataset5_neuron_hon_D11_ArchR.e2g.tsv.gz	/scratch/users/kaybrand/Data/CharacterizationMcGinnis_Dataset5/neuron_hon_D11/CharacterizationMcGinnis_Dataset5_neuron_hon_D11_Signac.e2g.tsv.gz	/scratch/users/kaybrand/Data/CharacterizationMcGinnis_Dataset5/neuron_hon_D11/CharacterizationMcGinnis_Dataset5.Neuron_Hon_t2_d11.Cicero.e2g.tsv.gz		/scratch/users/kaybrand/Data/CharacterizationMcGinnis_Dataset5/neuron_hon_D11/CharacterizationMcGinnis_Dataset5.neuron_hon_t2.FigR.e2g.tsv.gz			/oak/stanford/groups/engreitz/Users/kaybrand/scE2G/results/CharacterizationMcGinnis_Dataset5/neuron_hon_D11/multiome_powerlaw_v3/encode_e2g_predictions.tsv.gz	/oak/stanford/groups/engreitz/Users/kaybrand/scE2G/results/CharacterizationMcGinnis_Dataset5/neuron_hon_D11/multiome_powerlaw_v3/encode_e2g_predictions.tsv.gz	/oak/stanford/groups/engreitz/Users/kaybrand/scE2G/results/CharacterizationMcGinnis_Dataset5/neuron_hon_D11/multiome_powerlaw_v3/encode_e2g_predictions.tsv.gz	
hek293t	/scratch/users/kaybrand/Data/CharacterizationMcGinnis_Dataset5/hek293t/CharacterizationMcGinnis_Dataset5_hek293t_scE2G_multiome_powerlaw_v3.e2g.tsv.gz	/scratch/users/kaybrand/Data/CharacterizationMcGinnis_Dataset5/hek293t/CharacterizationMcGinnis_Dataset5_hek293t_scE2G_scATAC_powerlaw_v3.e2g.tsv.gz	/scratch/users/kaybrand/Data/CharacterizationMcGinnis_Dataset5/hek293t/CharacterizationMcGinnis_Dataset5_hek293t_pgBoost.e2g.tsv.gz	/scratch/users/kaybrand/Data/CharacterizationMcGinnis_Dataset5/hek293t/CharacterizationMcGinnis_Dataset5_hek293t_ArchR.e2g.tsv.gz	/scratch/users/kaybrand/Data/CharacterizationMcGinnis_Dataset5/hek293t/CharacterizationMcGinnis_Dataset5_hek293t_Signac.e2g.tsv.gz	/scratch/users/kaybrand/Data/CharacterizationMcGinnis_Dataset5/hek293t/CharacterizationMcGinnis_Dataset5.Hek293T.Cicero.e2g.tsv.gz	/scratch/users/kaybrand/Data/CharacterizationMcGinnis_Dataset5/hek293t/CharacterizationMcGinnis_Dataset5_hek293t_SCENT.e2g.tsv.gz	/scratch/users/kaybrand/Data/CharacterizationMcGinnis_Dataset5/hek293t/CharacterizationMcGinnis_Dataset5.hek293t.FigR.e2g.tsv.gz			/oak/stanford/groups/engreitz/Users/kaybrand/scE2G/results/CharacterizationMcGinnis_Dataset5/hek293t/multiome_powerlaw_v3/encode_e2g_predictions.tsv.gz	/oak/stanford/groups/engreitz/Users/kaybrand/scE2G/results/CharacterizationMcGinnis_Dataset5/hek293t/multiome_powerlaw_v3/encode_e2g_predictions.tsv.gz	/oak/stanford/groups/engreitz/Users/kaybrand/scE2G/results/CharacterizationMcGinnis_Dataset5/hek293t/multiome_powerlaw_v3/encode_e2g_predictions.tsv.gz	
gastruloid	/scratch/users/kaybrand/Data/CharacterizationMcGinnis_Dataset5/gastruloid/CharacterizationMcGinnis_Dataset5_gastruloid_scE2G_multiome_powerlaw_v3.e2g.tsv.gz	/scratch/users/kaybrand/Data/CharacterizationMcGinnis_Dataset5/gastruloid/CharacterizationMcGinnis_Dataset5_gastruloid_scE2G_scATAC_powerlaw_v3.e2g.tsv.gz	/scratch/users/kaybrand/Data/CharacterizationMcGinnis_Dataset5/gastruloid/CharacterizationMcGinnis_Dataset5_gastruloid_pgBoost.e2g.tsv.gz	/scratch/users/kaybrand/Data/CharacterizationMcGinnis_Dataset5/gastruloid/CharacterizationMcGinnis_Dataset5_gastruloid_ArchR.e2g.tsv.gz	/scratch/users/kaybrand/Data/CharacterizationMcGinnis_Dataset5/gastruloid/CharacterizationMcGinnis_Dataset5_gastruloid_Signac.e2g.tsv.gz	/scratch/users/kaybrand/Data/CharacterizationMcGinnis_Dataset5/gastruloid/CharacterizationMcGinnis_Dataset5.Gastruloid.Cicero.e2g.tsv.gz		/scratch/users/kaybrand/Data/CharacterizationMcGinnis_Dataset5/gastruloid/CharacterizationMcGinnis_Dataset5.gastruloid.FigR.e2g.tsv.gz			/oak/stanford/groups/engreitz/Users/kaybrand/scE2G/results/CharacterizationMcGinnis_Dataset5/gastruloid/multiome_powerlaw_v3/encode_e2g_predictions.tsv.gz	/oak/stanford/groups/engreitz/Users/kaybrand/scE2G/results/CharacterizationMcGinnis_Dataset5/gastruloid/multiome_powerlaw_v3/encode_e2g_predictions.tsv.gz	/oak/stanford/groups/engreitz/Users/kaybrand/scE2G/results/CharacterizationMcGinnis_Dataset5/gastruloid/multiome_powerlaw_v3/encode_e2g_predictions.tsv.gz	
neuron_hon_D6	/scratch/users/kaybrand/Data/CharacterizationMcGinnis_Dataset5/neuron_hon_D6/CharacterizationMcGinnis_Dataset5_neuron_hon_D6_scE2G_multiome_powerlaw_v3.e2g.tsv.gz	/scratch/users/kaybrand/Data/CharacterizationMcGinnis_Dataset5/neuron_hon_D6/CharacterizationMcGinnis_Dataset5_neuron_hon_D6_scE2G_scATAC_powerlaw_v3.e2g.tsv.gz	/scratch/users/kaybrand/Data/CharacterizationMcGinnis_Dataset5/neuron_hon_D6/CharacterizationMcGinnis_Dataset5_neuron_hon_D6_pgBoost.e2g.tsv.gz	/scratch/users/kaybrand/Data/CharacterizationMcGinnis_Dataset5/neuron_hon_D6/CharacterizationMcGinnis_Dataset5_neuron_hon_D6_ArchR.e2g.tsv.gz	/scratch/users/kaybrand/Data/CharacterizationMcGinnis_Dataset5/neuron_hon_D6/CharacterizationMcGinnis_Dataset5_neuron_hon_D6_Signac.e2g.tsv.gz	/scratch/users/kaybrand/Data/CharacterizationMcGinnis_Dataset5/neuron_hon_D6/CharacterizationMcGinnis_Dataset5.Neuron_Hon_t1_d6.Cicero.e2g.tsv.gz		/scratch/users/kaybrand/Data/CharacterizationMcGinnis_Dataset5/neuron_hon_D6/CharacterizationMcGinnis_Dataset5.neuron_hon_t1.FigR.e2g.tsv.gz			/oak/stanford/groups/engreitz/Users/kaybrand/scE2G/results/CharacterizationMcGinnis_Dataset5/neuron_hon_D6/multiome_powerlaw_v3/encode_e2g_predictions.tsv.gz	/oak/stanford/groups/engreitz/Users/kaybrand/scE2G/results/CharacterizationMcGinnis_Dataset5/neuron_hon_D6/multiome_powerlaw_v3/encode_e2g_predictions.tsv.gz	/oak/stanford/groups/engreitz/Users/kaybrand/scE2G/results/CharacterizationMcGinnis_Dataset5/neuron_hon_D6/multiome_powerlaw_v3/encode_e2g_predictions.tsv.gz	
neuron_ngn2	/scratch/users/kaybrand/Data/CharacterizationMcGinnis_Dataset5/neuron_ngn2/CharacterizationMcGinnis_Dataset5_neuron_ngn2_scE2G_multiome_powerlaw_v3.e2g.tsv.gz	/scratch/users/kaybrand/Data/CharacterizationMcGinnis_Dataset5/neuron_ngn2/CharacterizationMcGinnis_Dataset5_neuron_ngn2_scE2G_scATAC_powerlaw_v3.e2g.tsv.gz	/scratch/users/kaybrand/Data/CharacterizationMcGinnis_Dataset5/neuron_ngn2/CharacterizationMcGinnis_Dataset5_neuron_ngn2_pgBoost.e2g.tsv.gz	/scratch/users/kaybrand/Data/CharacterizationMcGinnis_Dataset5/neuron_ngn2/CharacterizationMcGinnis_Dataset5_neuron_ngn2_ArchR.e2g.tsv.gz	/scratch/users/kaybrand/Data/CharacterizationMcGinnis_Dataset5/neuron_ngn2/CharacterizationMcGinnis_Dataset5_neuron_ngn2_Signac.e2g.tsv.gz	/scratch/users/kaybrand/Data/CharacterizationMcGinnis_Dataset5/neuron_ngn2/CharacterizationMcGinnis_Dataset5.Neuron_NGN2.Cicero.e2g.tsv.gz	/scratch/users/kaybrand/Data/CharacterizationMcGinnis_Dataset5/neuron_ngn2/CharacterizationMcGinnis_Dataset5_neuron_ngn2_SCENT.e2g.tsv.gz	/scratch/users/kaybrand/Data/CharacterizationMcGinnis_Dataset5/neuron_ngn2/CharacterizationMcGinnis_Dataset5.neuron_ngn2.FigR.e2g.tsv.gz			/oak/stanford/groups/engreitz/Users/kaybrand/scE2G/results/CharacterizationMcGinnis_Dataset5/neuron_ngn2/multiome_powerlaw_v3/encode_e2g_predictions.tsv.gz	/oak/stanford/groups/engreitz/Users/kaybrand/scE2G/results/CharacterizationMcGinnis_Dataset5/neuron_ngn2/multiome_powerlaw_v3/encode_e2g_predictions.tsv.gz	/oak/stanford/groups/engreitz/Users/kaybrand/scE2G/results/CharacterizationMcGinnis_Dataset5/neuron_ngn2/multiome_powerlaw_v3/encode_e2g_predictions.tsv.gz	
K562_multiome	/scratch/users/kaybrand/Data/K562_ERR9847049_Multiome/K562_multiome/K562_ERR9847049_Multiome_K562_multiome_scE2G_multiome_powerlaw_v3.e2g.tsv.gz	/scratch/users/kaybrand/Data/K562_ERR9847049_Multiome/K562_multiome/K562_ERR9847049_Multiome_K562_multiome_scE2G_scATAC_powerlaw_v3.e2g.tsv.gz	/scratch/users/kaybrand/Data/K562_ERR9847049_Multiome/K562_multiome/K562_ERR9847049_Multiome_K562_pgBoost.e2g.tsv.gz	/scratch/users/kaybrand/Data/K562_ERR9847049_Multiome/K562_multiome/K562_ERR9847049_Multiome_K562_ArchR.e2g.tsv.gz	/scratch/users/kaybrand/Data/K562_ERR9847049_Multiome/K562_multiome/K562_ERR9847049_Multiome_K562_Signac.e2g.tsv.gz	/scratch/users/kaybrand/Data/K562_ERR9847049_Multiome/K562_multiome/K562_ERR9847049_Multiome_K562_Cicero.e2g.tsv.gz	/scratch/users/kaybrand/Data/K562_ERR9847049_Multiome/K562_multiome/K562_ERR9847049_Multiome_K562_SCENT.e2g.tsv.gz	/scratch/users/kaybrand/Data/K562_ERR9847049_Multiome/K562_multiome/K562_ERR9847049_Multiome.K562.FigR.e2g.tsv.gz		/scratch/users/kaybrand/Data/K562_ERR9847049_Multiome/K562_multiome/K562_ERR9847049_Multiome_K562_EPCOT.e2g.tsv.gz	/oak/stanford/groups/engreitz/Users/kaybrand/scE2G/results/K562_ERR9847049_Multiome/K562_multiome/multiome_powerlaw_v3/encode_e2g_predictions.tsv.gz	/oak/stanford/groups/engreitz/Users/kaybrand/scE2G/results/K562_ERR9847049_Multiome/K562_multiome/multiome_powerlaw_v3/encode_e2g_predictions.tsv.gz	/oak/stanford/groups/engreitz/Users/kaybrand/scE2G/results/K562_ERR9847049_Multiome/K562_multiome/multiome_powerlaw_v3/encode_e2g_predictions.tsv.gz	
HAP1	/scratch/users/kaybrand/Data/CharacterizationMcGinnis_Dataset1/HAP1/CharacterizationMcGinnis_Dataset1_HAP1_scE2G_multiome_powerlaw_v3.e2g.tsv.gz	/scratch/users/kaybrand/Data/CharacterizationMcGinnis_Dataset1/HAP1/CharacterizationMcGinnis_Dataset1_HAP1_scE2G_scATAC_powerlaw_v3.e2g.tsv.gz	/scratch/users/kaybrand/Data/CharacterizationMcGinnis_Dataset1/HAP1/CharacterizationMcGinnis_Dataset1_HAP1_pgBoost.e2g.tsv.gz	/scratch/users/kaybrand/Data/CharacterizationMcGinnis_Dataset1/HAP1/CharacterizationMcGinnis_Dataset1_HAP1_ArchR.e2g.tsv.gz	/scratch/users/kaybrand/Data/CharacterizationMcGinnis_Dataset1/HAP1/CharacterizationMcGinnis_Dataset1_HAP1_Signac.e2g.tsv.gz	/scratch/users/kaybrand/Data/CharacterizationMcGinnis_Dataset1/HAP1/CharacterizationMcGinnis_Dataset1.HAP1.Cicero.e2g.tsv.gz	/scratch/users/kaybrand/Data/CharacterizationMcGinnis_Dataset1/HAP1/CharacterizationMcGinnis_Dataset1_HAP1_SCENT.e2g.tsv.gz	/scratch/users/kaybrand/Data/CharacterizationMcGinnis_Dataset1/HAP1/CharacterizationMcGinnis_Dataset1.HAP1.FigR.e2g.tsv.gz			/oak/stanford/groups/engreitz/Users/kaybrand/scE2G/results/CharacterizationMcGinnis_Dataset1/HAP1/multiome_powerlaw_v3/encode_e2g_predictions.tsv.gz	/oak/stanford/groups/engreitz/Users/kaybrand/scE2G/results/CharacterizationMcGinnis_Dataset1/HAP1/multiome_powerlaw_v3/encode_e2g_predictions.tsv.gz	/oak/stanford/groups/engreitz/Users/kaybrand/scE2G/results/CharacterizationMcGinnis_Dataset1/HAP1/multiome_powerlaw_v3/encode_e2g_predictions.tsv.gz	
K562	/scratch/users/kaybrand/Data/CharacterizationMcGinnis_Dataset1/K562/CharacterizationMcGinnis_Dataset1_K562_scE2G_multiome_powerlaw_v3.e2g.tsv.gz	/scratch/users/kaybrand/Data/CharacterizationMcGinnis_Dataset1/K562/CharacterizationMcGinnis_Dataset1_K562_scE2G_scATAC_powerlaw_v3.e2g.tsv.gz	/scratch/users/kaybrand/Data/CharacterizationMcGinnis_Dataset1/K562/CharacterizationMcGinnis_Dataset1_K562_pgBoost.e2g.tsv.gz	/scratch/users/kaybrand/Data/CharacterizationMcGinnis_Dataset1/K562/CharacterizationMcGinnis_Dataset1_K562_ArchR.e2g.tsv.gz	/scratch/users/kaybrand/Data/CharacterizationMcGinnis_Dataset1/K562/CharacterizationMcGinnis_Dataset1_K562_Signac.e2g.tsv.gz	/scratch/users/kaybrand/Data/CharacterizationMcGinnis_Dataset1/K562/CharacterizationMcGinnis_Dataset1.K562.Cicero.e2g.tsv.gz	/scratch/users/kaybrand/Data/CharacterizationMcGinnis_Dataset1/K562/CharacterizationMcGinnis_Dataset1_K562_SCENT.e2g.tsv.gz	/scratch/users/kaybrand/Data/CharacterizationMcGinnis_Dataset1/K562/CharacterizationMcGinnis_Dataset1.K562.FigR.e2g.tsv.gz	/scratch/users/kaybrand/Data/CharacterizationMcGinnis_Dataset1/K562/CharacterizationMcGinnis_Dataset1_K562_SCARlink.e2g.tsv.gz	/scratch/users/kaybrand/Data/CharacterizationMcGinnis_Dataset1/K562/CharacterizationMcGinnis_Dataset1_K562_EPCOT.e2g.tsv.gz	/oak/stanford/groups/engreitz/Users/kaybrand/scE2G/results/CharacterizationMcGinnis_Dataset1/K562/multiome_powerlaw_v3/encode_e2g_predictions.tsv.gz	/oak/stanford/groups/engreitz/Users/kaybrand/scE2G/results/CharacterizationMcGinnis_Dataset1/K562/multiome_powerlaw_v3/encode_e2g_predictions.tsv.gz	/oak/stanford/groups/engreitz/Users/kaybrand/scE2G/results/CharacterizationMcGinnis_Dataset1/K562/multiome_powerlaw_v3/encode_e2g_predictions.tsv.gz	
HL60	/scratch/users/kaybrand/Data/CharacterizationMcGinnis_Dataset1/HL60/CharacterizationMcGinnis_Dataset1_HL60_scE2G_multiome_powerlaw_v3.e2g.tsv.gz	/scratch/users/kaybrand/Data/CharacterizationMcGinnis_Dataset1/HL60/CharacterizationMcGinnis_Dataset1_HL60_scE2G_scATAC_powerlaw_v3.e2g.tsv.gz	/scratch/users/kaybrand/Data/CharacterizationMcGinnis_Dataset1/HL60/CharacterizationMcGinnis_Dataset1_HL60_pgBoost.e2g.tsv.gz	/scratch/users/kaybrand/Data/CharacterizationMcGinnis_Dataset1/HL60/CharacterizationMcGinnis_Dataset1_HL60_ArchR.e2g.tsv.gz	/scratch/users/kaybrand/Data/CharacterizationMcGinnis_Dataset1/HL60/CharacterizationMcGinnis_Dataset1_HL60_Signac.e2g.tsv.gz	/scratch/users/kaybrand/Data/CharacterizationMcGinnis_Dataset1/HL60/CharacterizationMcGinnis_Dataset1.HL60.Cicero.e2g.tsv.gz	/scratch/users/kaybrand/Data/CharacterizationMcGinnis_Dataset1/HL60/CharacterizationMcGinnis_Dataset1_HL60_SCENT.e2g.tsv.gz	/scratch/users/kaybrand/Data/CharacterizationMcGinnis_Dataset1/HL60/CharacterizationMcGinnis_Dataset1.HL60.FigR.e2g.tsv.gz			/oak/stanford/groups/engreitz/Users/kaybrand/scE2G/results/CharacterizationMcGinnis_Dataset1/HL60/multiome_powerlaw_v3/encode_e2g_predictions.tsv.gz	/oak/stanford/groups/engreitz/Users/kaybrand/scE2G/results/CharacterizationMcGinnis_Dataset1/HL60/multiome_powerlaw_v3/encode_e2g_predictions.tsv.gz	/oak/stanford/groups/engreitz/Users/kaybrand/scE2G/results/CharacterizationMcGinnis_Dataset1/HL60/multiome_powerlaw_v3/encode_e2g_predictions.tsv.gz	dendritic,myeloid,blood
HUDEP2	/scratch/users/kaybrand/Data/CharacterizationMcGinnis_Dataset1/HUDEP2/CharacterizationMcGinnis_Dataset1_HUDEP2_scE2G_multiome_powerlaw_v3.e2g.tsv.gz	/scratch/users/kaybrand/Data/CharacterizationMcGinnis_Dataset1/HUDEP2/CharacterizationMcGinnis_Dataset1_HUDEP2_scE2G_scATAC_powerlaw_v3.e2g.tsv.gz	/scratch/users/kaybrand/Data/CharacterizationMcGinnis_Dataset1/HUDEP2/CharacterizationMcGinnis_Dataset1_HUDEP2_pgBoost.e2g.tsv.gz	/scratch/users/kaybrand/Data/CharacterizationMcGinnis_Dataset1/HUDEP2/CharacterizationMcGinnis_Dataset1_HUDEP2_ArchR.e2g.tsv.gz	/scratch/users/kaybrand/Data/CharacterizationMcGinnis_Dataset1/HUDEP2/CharacterizationMcGinnis_Dataset1_HUDEP2_Signac.e2g.tsv.gz	/scratch/users/kaybrand/Data/CharacterizationMcGinnis_Dataset1/HUDEP2/CharacterizationMcGinnis_Dataset1.HUDEP2.Cicero.e2g.tsv.gz	/scratch/users/kaybrand/Data/CharacterizationMcGinnis_Dataset1/HUDEP2/CharacterizationMcGinnis_Dataset1_HUDEP2_SCENT.e2g.tsv.gz	/scratch/users/kaybrand/Data/CharacterizationMcGinnis_Dataset1/HUDEP2/CharacterizationMcGinnis_Dataset1.HUDEP2.FigR.e2g.tsv.gz			/oak/stanford/groups/engreitz/Users/kaybrand/scE2G/results/CharacterizationMcGinnis_Dataset1/HUDEP2/multiome_powerlaw_v3/encode_e2g_predictions.tsv.gz	/oak/stanford/groups/engreitz/Users/kaybrand/scE2G/results/CharacterizationMcGinnis_Dataset1/HUDEP2/multiome_powerlaw_v3/encode_e2g_predictions.tsv.gz	/oak/stanford/groups/engreitz/Users/kaybrand/scE2G/results/CharacterizationMcGinnis_Dataset1/HUDEP2/multiome_powerlaw_v3/encode_e2g_predictions.tsv.gz	
U2OS	/scratch/users/kaybrand/Data/CharacterizationMcGinnis_Dataset1/U2OS/CharacterizationMcGinnis_Dataset1_U2OS_scE2G_multiome_powerlaw_v3.e2g.tsv.gz	/scratch/users/kaybrand/Data/CharacterizationMcGinnis_Dataset1/U2OS/CharacterizationMcGinnis_Dataset1_U2OS_scE2G_scATAC_powerlaw_v3.e2g.tsv.gz	/scratch/users/kaybrand/Data/CharacterizationMcGinnis_Dataset1/U2OS/CharacterizationMcGinnis_Dataset1_U2OS_pgBoost.e2g.tsv.gz	/scratch/users/kaybrand/Data/CharacterizationMcGinnis_Dataset1/U2OS/CharacterizationMcGinnis_Dataset1_U2OS_ArchR.e2g.tsv.gz	/scratch/users/kaybrand/Data/CharacterizationMcGinnis_Dataset1/U2OS/CharacterizationMcGinnis_Dataset1_U2OS_Signac.e2g.tsv.gz	/scratch/users/kaybrand/Data/CharacterizationMcGinnis_Dataset1/U2OS/CharacterizationMcGinnis_Dataset1.U2OS.Cicero.e2g.tsv.gz	/scratch/users/kaybrand/Data/CharacterizationMcGinnis_Dataset1/U2OS/CharacterizationMcGinnis_Dataset1_U2OS_SCENT.e2g.tsv.gz	/scratch/users/kaybrand/Data/CharacterizationMcGinnis_Dataset1/U2OS/CharacterizationMcGinnis_Dataset1.U2OS.FigR.e2g.tsv.gz			/oak/stanford/groups/engreitz/Users/kaybrand/scE2G/results/CharacterizationMcGinnis_Dataset1/U2OS/multiome_powerlaw_v3/encode_e2g_predictions.tsv.gz	/oak/stanford/groups/engreitz/Users/kaybrand/scE2G/results/CharacterizationMcGinnis_Dataset1/U2OS/multiome_powerlaw_v3/encode_e2g_predictions.tsv.gz	/oak/stanford/groups/engreitz/Users/kaybrand/scE2G/results/CharacterizationMcGinnis_Dataset1/U2OS/multiome_powerlaw_v3/encode_e2g_predictions.tsv.gz	
THP1	/scratch/users/kaybrand/Data/CharacterizationMcGinnis_Dataset10/THP1/CharacterizationMcGinnis_Dataset10_THP1_scE2G_multiome_powerlaw_v3.e2g.tsv.gz	/scratch/users/kaybrand/Data/CharacterizationMcGinnis_Dataset10/THP1/CharacterizationMcGinnis_Dataset10_THP1_scE2G_scATAC_powerlaw_v3.e2g.tsv.gz	/scratch/users/kaybrand/Data/CharacterizationMcGinnis_Dataset10/THP1/CharacterizationMcGinnis_Dataset10_THP1_pgBoost.e2g.tsv.gz	/scratch/users/kaybrand/Data/CharacterizationMcGinnis_Dataset10/THP1/CharacterizationMcGinnis_Dataset10_THP1_ArchR.e2g.tsv.gz	/scratch/users/kaybrand/Data/CharacterizationMcGinnis_Dataset10/THP1/CharacterizationMcGinnis_Dataset10_THP1_Signac.e2g.tsv.gz	/scratch/users/kaybrand/Data/CharacterizationMcGinnis_Dataset10/THP1/CharacterizationMcGinnis_Dataset10.THP1.Cicero.e2g.tsv.gz	/scratch/users/kaybrand/Data/CharacterizationMcGinnis_Dataset10/THP1/CharacterizationMcGinnis_Dataset10_THP1_SCENT.e2g.tsv.gz	/scratch/users/kaybrand/Data/CharacterizationMcGinnis_Dataset10/THP1/CharacterizationMcGinnis_Dataset10.thp1.FigR.e2g.tsv.gz		/scratch/users/kaybrand/Data/CharacterizationMcGinnis_Dataset10/THP1/CharacterizationMcGinnis_Dataset10_THP1_EPCOT.e2g.tsv.gz	/oak/stanford/groups/engreitz/Users/kaybrand/scE2G/results/CharacterizationMcGinnis_Dataset10/THP1/multiome_powerlaw_v3/encode_e2g_predictions.tsv.gz	/oak/stanford/groups/engreitz/Users/kaybrand/scE2G/results/CharacterizationMcGinnis_Dataset10/THP1/multiome_powerlaw_v3/encode_e2g_predictions.tsv.gz	/oak/stanford/groups/engreitz/Users/kaybrand/scE2G/results/CharacterizationMcGinnis_Dataset10/THP1/multiome_powerlaw_v3/encode_e2g_predictions.tsv.gz	dendritic,myeloid,blood
K562-CRISPRi	/scratch/users/kaybrand/Data/CharacterizationMcGinnis_Dataset10/K562-CRISPRi/CharacterizationMcGinnis_Dataset10_K562-CRISPRi_scE2G_multiome_powerlaw_v3.e2g.tsv.gz	/scratch/users/kaybrand/Data/CharacterizationMcGinnis_Dataset10/K562-CRISPRi/CharacterizationMcGinnis_Dataset10_K562-CRISPRi_scE2G_scATAC_powerlaw_v3.e2g.tsv.gz	/scratch/users/kaybrand/Data/CharacterizationMcGinnis_Dataset10/K562-CRISPRi/CharacterizationMcGinnis_Dataset10_K562-CRISPRi_pgBoost.e2g.tsv.gz	/scratch/users/kaybrand/Data/CharacterizationMcGinnis_Dataset10/K562-CRISPRi/CharacterizationMcGinnis_Dataset10_K562-CRISPRi_ArchR.e2g.tsv.gz	/scratch/users/kaybrand/Data/CharacterizationMcGinnis_Dataset10/K562-CRISPRi/CharacterizationMcGinnis_Dataset10_K562-CRISPRi_Signac.e2g.tsv.gz	/scratch/users/kaybrand/Data/CharacterizationMcGinnis_Dataset10/K562-CRISPRi/CharacterizationMcGinnis_Dataset10.K562-CRISPRi.Cicero.e2g.tsv.gz	/scratch/users/kaybrand/Data/CharacterizationMcGinnis_Dataset10/K562-CRISPRi/CharacterizationMcGinnis_Dataset10_K562-CRISPRi_SCENT.e2g.tsv.gz	/scratch/users/kaybrand/Data/CharacterizationMcGinnis_Dataset10/K562-CRISPRi/CharacterizationMcGinnis_Dataset10.k562_crispri.FigR.e2g.tsv.gz	/scratch/users/kaybrand/Data/CharacterizationMcGinnis_Dataset10/K562-CRISPRi/CharacterizationMcGinnis_Dataset10_K562_SCARlink.e2g.tsv.gz	/scratch/users/kaybrand/Data/CharacterizationMcGinnis_Dataset10/K562-CRISPRi/CharacterizationMcGinnis_Dataset10_K562-CRISPRi_EPCOT.e2g.tsv.gz	/oak/stanford/groups/engreitz/Users/kaybrand/scE2G/results/CharacterizationMcGinnis_Dataset10/K562-CRISPRi/multiome_powerlaw_v3/encode_e2g_predictions.tsv.gz	/oak/stanford/groups/engreitz/Users/kaybrand/scE2G/results/CharacterizationMcGinnis_Dataset10/K562-CRISPRi/multiome_powerlaw_v3/encode_e2g_predictions.tsv.gz	/oak/stanford/groups/engreitz/Users/kaybrand/scE2G/results/CharacterizationMcGinnis_Dataset10/K562-CRISPRi/multiome_powerlaw_v3/encode_e2g_predictions.tsv.gz	
Jurkat_Stim	/scratch/users/kaybrand/Data/CharacterizationMcGinnis_Dataset10/Jurkat_Stim/CharacterizationMcGinnis_Dataset10_Jurkat_Stim_scE2G_multiome_powerlaw_v3.e2g.tsv.gz	/scratch/users/kaybrand/Data/CharacterizationMcGinnis_Dataset10/Jurkat_Stim/CharacterizationMcGinnis_Dataset10_Jurkat_Stim_scE2G_scATAC_powerlaw_v3.e2g.tsv.gz	/scratch/users/kaybrand/Data/CharacterizationMcGinnis_Dataset10/Jurkat_Stim/CharacterizationMcGinnis_Dataset10_Jurkat_Stim_pgBoost.e2g.tsv.gz	/scratch/users/kaybrand/Data/CharacterizationMcGinnis_Dataset10/Jurkat_Stim/CharacterizationMcGinnis_Dataset10_Jurkat_Stim_ArchR.e2g.tsv.gz	/scratch/users/kaybrand/Data/CharacterizationMcGinnis_Dataset10/Jurkat_Stim/CharacterizationMcGinnis_Dataset10_Jurkat_Stim_Signac.e2g.tsv.gz	/scratch/users/kaybrand/Data/CharacterizationMcGinnis_Dataset10/Jurkat_Stim/CharacterizationMcGinnis_Dataset10.Jurkat_stim.Cicero.e2g.tsv.gz	/scratch/users/kaybrand/Data/CharacterizationMcGinnis_Dataset10/Jurkat_Stim/CharacterizationMcGinnis_Dataset10_Jurkat_Stim_SCENT.e2g.tsv.gz	/scratch/users/kaybrand/Data/CharacterizationMcGinnis_Dataset10/Jurkat_Stim/CharacterizationMcGinnis_Dataset10.jurkat_stim.FigR.e2g.tsv.gz			/oak/stanford/groups/engreitz/Users/kaybrand/scE2G/results/CharacterizationMcGinnis_Dataset10/Jurkat_Stim/multiome_powerlaw_v3/encode_e2g_predictions.tsv.gz	/oak/stanford/groups/engreitz/Users/kaybrand/scE2G/results/CharacterizationMcGinnis_Dataset10/Jurkat_Stim/multiome_powerlaw_v3/encode_e2g_predictions.tsv.gz	/oak/stanford/groups/engreitz/Users/kaybrand/scE2G/results/CharacterizationMcGinnis_Dataset10/Jurkat_Stim/multiome_powerlaw_v3/encode_e2g_predictions.tsv.gz	
TeloHAEC-CRISPRi	/scratch/users/kaybrand/Data/CharacterizationMcGinnis_Dataset10/TeloHAEC-CRISPRi/CharacterizationMcGinnis_Dataset10_TeloHAEC-CRISPRi_scE2G_multiome_powerlaw_v3.e2g.tsv.gz	/scratch/users/kaybrand/Data/CharacterizationMcGinnis_Dataset10/TeloHAEC-CRISPRi/CharacterizationMcGinnis_Dataset10_TeloHAEC-CRISPRi_scE2G_scATAC_powerlaw_v3.e2g.tsv.gz	/scratch/users/kaybrand/Data/CharacterizationMcGinnis_Dataset10/TeloHAEC-CRISPRi/CharacterizationMcGinnis_Dataset10_TeloHAEC-CRISPRi_pgBoost.e2g.tsv.gz	/scratch/users/kaybrand/Data/CharacterizationMcGinnis_Dataset10/TeloHAEC-CRISPRi/CharacterizationMcGinnis_Dataset10_TeloHAEC-CRISPRi_ArchR.e2g.tsv.gz	/scratch/users/kaybrand/Data/CharacterizationMcGinnis_Dataset10/TeloHAEC-CRISPRi/CharacterizationMcGinnis_Dataset10_TeloHAEC-CRISPRi_Signac.e2g.tsv.gz	/scratch/users/kaybrand/Data/CharacterizationMcGinnis_Dataset10/TeloHAEC-CRISPRi/CharacterizationMcGinnis_Dataset10.TeloHAEC-CRISPRi.Cicero.e2g.tsv.gz	/scratch/users/kaybrand/Data/CharacterizationMcGinnis_Dataset10/TeloHAEC-CRISPRi/CharacterizationMcGinnis_Dataset10_TeloHAEC-CRISPRi_SCENT.e2g.tsv.gz	/scratch/users/kaybrand/Data/CharacterizationMcGinnis_Dataset10/TeloHAEC-CRISPRi/CharacterizationMcGinnis_Dataset10.telohaec_crispri.FigR.e2g.tsv.gz			/oak/stanford/groups/engreitz/Users/kaybrand/scE2G/results/CharacterizationMcGinnis_Dataset10/TeloHAEC-CRISPRi/multiome_powerlaw_v3/encode_e2g_predictions.tsv.gz	/oak/stanford/groups/engreitz/Users/kaybrand/scE2G/results/CharacterizationMcGinnis_Dataset10/TeloHAEC-CRISPRi/multiome_powerlaw_v3/encode_e2g_predictions.tsv.gz	/oak/stanford/groups/engreitz/Users/kaybrand/scE2G/results/CharacterizationMcGinnis_Dataset10/TeloHAEC-CRISPRi/multiome_powerlaw_v3/encode_e2g_predictions.tsv.gz	
Jurkat	/scratch/users/kaybrand/Data/CharacterizationMcGinnis_Dataset10/Jurkat/CharacterizationMcGinnis_Dataset10_Jurkat_scE2G_multiome_powerlaw_v3.e2g.tsv.gz	/scratch/users/kaybrand/Data/CharacterizationMcGinnis_Dataset10/Jurkat/CharacterizationMcGinnis_Dataset10_Jurkat_scE2G_scATAC_powerlaw_v3.e2g.tsv.gz	/scratch/users/kaybrand/Data/CharacterizationMcGinnis_Dataset10/Jurkat/CharacterizationMcGinnis_Dataset10_Jurkat_pgBoost.e2g.tsv.gz	/scratch/users/kaybrand/Data/CharacterizationMcGinnis_Dataset10/Jurkat/CharacterizationMcGinnis_Dataset10_Jurkat_ArchR.e2g.tsv.gz	/scratch/users/kaybrand/Data/CharacterizationMcGinnis_Dataset10/Jurkat/CharacterizationMcGinnis_Dataset10_Jurkat_Signac.e2g.tsv.gz	/scratch/users/kaybrand/Data/CharacterizationMcGinnis_Dataset10/Jurkat/CharacterizationMcGinnis_Dataset10.Jurkat.Cicero.e2g.tsv.gz	/scratch/users/kaybrand/Data/CharacterizationMcGinnis_Dataset10/Jurkat/CharacterizationMcGinnis_Dataset10_Jurkat_SCENT.e2g.tsv.gz	/scratch/users/kaybrand/Data/CharacterizationMcGinnis_Dataset10/Jurkat/CharacterizationMcGinnis_Dataset10.jurkat.FigR.e2g.tsv.gz		/scratch/users/kaybrand/Data/CharacterizationMcGinnis_Dataset10/Jurkat/CharacterizationMcGinnis_Dataset10_Jurkat_EPCOT.e2g.tsv.gz	/oak/stanford/groups/engreitz/Users/kaybrand/scE2G/results/CharacterizationMcGinnis_Dataset10/Jurkat/multiome_powerlaw_v3/encode_e2g_predictions.tsv.gz	/oak/stanford/groups/engreitz/Users/kaybrand/scE2G/results/CharacterizationMcGinnis_Dataset10/Jurkat/multiome_powerlaw_v3/encode_e2g_predictions.tsv.gz	/oak/stanford/groups/engreitz/Users/kaybrand/scE2G/results/CharacterizationMcGinnis_Dataset10/Jurkat/multiome_powerlaw_v3/encode_e2g_predictions.tsv.gz	
D3	/scratch/users/kaybrand/Data/CharacterizationMcGinnis_Dataset9/D3/CharacterizationMcGinnis_Dataset9_D3_scE2G_multiome_powerlaw_v3.e2g.tsv.gz	/scratch/users/kaybrand/Data/CharacterizationMcGinnis_Dataset9/D3/CharacterizationMcGinnis_Dataset9_D3_scE2G_scATAC_powerlaw_v3.e2g.tsv.gz	/scratch/users/kaybrand/Data/CharacterizationMcGinnis_Dataset9/D3/CharacterizationMcGinnis_Dataset9_D3_pgBoost.e2g.tsv.gz	/scratch/users/kaybrand/Data/CharacterizationMcGinnis_Dataset9/D3/CharacterizationMcGinnis_Dataset9_D3_ArchR.e2g.tsv.gz	/scratch/users/kaybrand/Data/CharacterizationMcGinnis_Dataset9/D3/CharacterizationMcGinnis_Dataset9_D3_Signac.e2g.tsv.gz	/scratch/users/kaybrand/Data/CharacterizationMcGinnis_Dataset9/D3/CharacterizationMcGinnis_Dataset9.Primary_B_Cell_diff_d3.Cicero.e2g.tsv.gz		/scratch/users/kaybrand/Data/CharacterizationMcGinnis_Dataset9/D3/CharacterizationMcGinnis_Dataset9.d3.FigR.e2g.tsv.gz			/oak/stanford/groups/engreitz/Users/kaybrand/scE2G/results/CharacterizationMcGinnis_Dataset9/D3/multiome_powerlaw_v3/encode_e2g_predictions.tsv.gz	/oak/stanford/groups/engreitz/Users/kaybrand/scE2G/results/CharacterizationMcGinnis_Dataset9/D3/multiome_powerlaw_v3/encode_e2g_predictions.tsv.gz	/oak/stanford/groups/engreitz/Users/kaybrand/scE2G/results/CharacterizationMcGinnis_Dataset9/D3/multiome_powerlaw_v3/encode_e2g_predictions.tsv.gz	
D1	/scratch/users/kaybrand/Data/CharacterizationMcGinnis_Dataset9/D1/CharacterizationMcGinnis_Dataset9_D1_scE2G_multiome_powerlaw_v3.e2g.tsv.gz	/scratch/users/kaybrand/Data/CharacterizationMcGinnis_Dataset9/D1/CharacterizationMcGinnis_Dataset9_D1_scE2G_scATAC_powerlaw_v3.e2g.tsv.gz	/scratch/users/kaybrand/Data/CharacterizationMcGinnis_Dataset9/D1/CharacterizationMcGinnis_Dataset9_D1_pgBoost.e2g.tsv.gz	/scratch/users/kaybrand/Data/CharacterizationMcGinnis_Dataset9/D1/CharacterizationMcGinnis_Dataset9_D1_ArchR.e2g.tsv.gz	/scratch/users/kaybrand/Data/CharacterizationMcGinnis_Dataset9/D1/CharacterizationMcGinnis_Dataset9_D1_Signac.e2g.tsv.gz	/scratch/users/kaybrand/Data/CharacterizationMcGinnis_Dataset9/D1/CharacterizationMcGinnis_Dataset9.Primary_B_Cell_diff_d1.Cicero.e2g.tsv.gz	/scratch/users/kaybrand/Data/CharacterizationMcGinnis_Dataset9/D1/CharacterizationMcGinnis_Dataset9_D1_SCENT.e2g.tsv.gz	/scratch/users/kaybrand/Data/CharacterizationMcGinnis_Dataset9/D1/CharacterizationMcGinnis_Dataset9.d1.FigR.e2g.tsv.gz		/scratch/users/kaybrand/Data/CharacterizationMcGinnis_Dataset9/D1/CharacterizationMcGinnis_Dataset9_D1_EPCOT.e2g.tsv.gz	/oak/stanford/groups/engreitz/Users/kaybrand/scE2G/results/CharacterizationMcGinnis_Dataset9/D1/multiome_powerlaw_v3/encode_e2g_predictions.tsv.gz	/oak/stanford/groups/engreitz/Users/kaybrand/scE2G/results/CharacterizationMcGinnis_Dataset9/D1/multiome_powerlaw_v3/encode_e2g_predictions.tsv.gz	/oak/stanford/groups/engreitz/Users/kaybrand/scE2G/results/CharacterizationMcGinnis_Dataset9/D1/multiome_powerlaw_v3/encode_e2g_predictions.tsv.gz	LCL
D0	/scratch/users/kaybrand/Data/CharacterizationMcGinnis_Dataset9/D0/CharacterizationMcGinnis_Dataset9_D0_scE2G_multiome_powerlaw_v3.e2g.tsv.gz	/scratch/users/kaybrand/Data/CharacterizationMcGinnis_Dataset9/D0/CharacterizationMcGinnis_Dataset9_D0_scE2G_scATAC_powerlaw_v3.e2g.tsv.gz									/oak/stanford/groups/engreitz/Users/kaybrand/scE2G/results/CharacterizationMcGinnis_Dataset9/D0/multiome_powerlaw_v3/encode_e2g_predictions.tsv.gz	/oak/stanford/groups/engreitz/Users/kaybrand/scE2G/results/CharacterizationMcGinnis_Dataset9/D0/multiome_powerlaw_v3/encode_e2g_predictions.tsv.gz	/oak/stanford/groups/engreitz/Users/kaybrand/scE2G/results/CharacterizationMcGinnis_Dataset9/D0/multiome_powerlaw_v3/encode_e2g_predictions.tsv.gz	
D2	/scratch/users/kaybrand/Data/CharacterizationMcGinnis_Dataset9/D2/CharacterizationMcGinnis_Dataset9_D2_scE2G_multiome_powerlaw_v3.e2g.tsv.gz	/scratch/users/kaybrand/Data/CharacterizationMcGinnis_Dataset9/D2/CharacterizationMcGinnis_Dataset9_D2_scE2G_scATAC_powerlaw_v3.e2g.tsv.gz	/scratch/users/kaybrand/Data/CharacterizationMcGinnis_Dataset9/D2/CharacterizationMcGinnis_Dataset9_D2_pgBoost.e2g.tsv.gz	/scratch/users/kaybrand/Data/CharacterizationMcGinnis_Dataset9/D2/CharacterizationMcGinnis_Dataset9_D2_ArchR.e2g.tsv.gz	/scratch/users/kaybrand/Data/CharacterizationMcGinnis_Dataset9/D2/CharacterizationMcGinnis_Dataset9_D2_Signac.e2g.tsv.gz	/scratch/users/kaybrand/Data/CharacterizationMcGinnis_Dataset9/D2/CharacterizationMcGinnis_Dataset9.Primary_B_Cell_diff_d2.Cicero.e2g.tsv.gz	/scratch/users/kaybrand/Data/CharacterizationMcGinnis_Dataset9/D2/CharacterizationMcGinnis_Dataset9_D2_SCENT.e2g.tsv.gz	/scratch/users/kaybrand/Data/CharacterizationMcGinnis_Dataset9/D2/CharacterizationMcGinnis_Dataset9.d2.FigR.e2g.tsv.gz		/scratch/users/kaybrand/Data/CharacterizationMcGinnis_Dataset9/D2/CharacterizationMcGinnis_Dataset9_D2_EPCOT.e2g.tsv.gz	/oak/stanford/groups/engreitz/Users/kaybrand/scE2G/results/CharacterizationMcGinnis_Dataset9/D2/multiome_powerlaw_v3/encode_e2g_predictions.tsv.gz	/oak/stanford/groups/engreitz/Users/kaybrand/scE2G/results/CharacterizationMcGinnis_Dataset9/D2/multiome_powerlaw_v3/encode_e2g_predictions.tsv.gz	/oak/stanford/groups/engreitz/Users/kaybrand/scE2G/results/CharacterizationMcGinnis_Dataset9/D2/multiome_powerlaw_v3/encode_e2g_predictions.tsv.gz	
D6	/scratch/users/kaybrand/Data/CharacterizationMcGinnis_Dataset9/D6/CharacterizationMcGinnis_Dataset9_D6_scE2G_multiome_powerlaw_v3.e2g.tsv.gz	/scratch/users/kaybrand/Data/CharacterizationMcGinnis_Dataset9/D6/CharacterizationMcGinnis_Dataset9_D6_scE2G_scATAC_powerlaw_v3.e2g.tsv.gz	/scratch/users/kaybrand/Data/CharacterizationMcGinnis_Dataset9/D6/CharacterizationMcGinnis_Dataset9_D6_pgBoost.e2g.tsv.gz	/scratch/users/kaybrand/Data/CharacterizationMcGinnis_Dataset9/D6/CharacterizationMcGinnis_Dataset9_D6_ArchR.e2g.tsv.gz	/scratch/users/kaybrand/Data/CharacterizationMcGinnis_Dataset9/D6/CharacterizationMcGinnis_Dataset9_D6_Signac.e2g.tsv.gz	/scratch/users/kaybrand/Data/CharacterizationMcGinnis_Dataset9/D6/CharacterizationMcGinnis_Dataset9.Primary_B_Cell_diff_d6.Cicero.e2g.tsv.gz	/scratch/users/kaybrand/Data/CharacterizationMcGinnis_Dataset9/D6/CharacterizationMcGinnis_Dataset9_D6_SCENT.e2g.tsv.gz	/scratch/users/kaybrand/Data/CharacterizationMcGinnis_Dataset9/D6/CharacterizationMcGinnis_Dataset9.d6.FigR.e2g.tsv.gz		/scratch/users/kaybrand/Data/CharacterizationMcGinnis_Dataset9/D6/CharacterizationMcGinnis_Dataset9_D6_EPCOT.e2g.tsv.gz	/oak/stanford/groups/engreitz/Users/kaybrand/scE2G/results/CharacterizationMcGinnis_Dataset9/D6/multiome_powerlaw_v3/encode_e2g_predictions.tsv.gz	/oak/stanford/groups/engreitz/Users/kaybrand/scE2G/results/CharacterizationMcGinnis_Dataset9/D6/multiome_powerlaw_v3/encode_e2g_predictions.tsv.gz	/oak/stanford/groups/engreitz/Users/kaybrand/scE2G/results/CharacterizationMcGinnis_Dataset9/D6/multiome_powerlaw_v3/encode_e2g_predictions.tsv.gz	
D5	/scratch/users/kaybrand/Data/CharacterizationMcGinnis_Dataset9/D5/CharacterizationMcGinnis_Dataset9_D5_scE2G_multiome_powerlaw_v3.e2g.tsv.gz	/scratch/users/kaybrand/Data/CharacterizationMcGinnis_Dataset9/D5/CharacterizationMcGinnis_Dataset9_D5_scE2G_scATAC_powerlaw_v3.e2g.tsv.gz	/scratch/users/kaybrand/Data/CharacterizationMcGinnis_Dataset9/D5/CharacterizationMcGinnis_Dataset9_D5_pgBoost.e2g.tsv.gz	/scratch/users/kaybrand/Data/CharacterizationMcGinnis_Dataset9/D5/CharacterizationMcGinnis_Dataset9_D5_ArchR.e2g.tsv.gz	/scratch/users/kaybrand/Data/CharacterizationMcGinnis_Dataset9/D5/CharacterizationMcGinnis_Dataset9_D5_Signac.e2g.tsv.gz	/scratch/users/kaybrand/Data/CharacterizationMcGinnis_Dataset9/D5/CharacterizationMcGinnis_Dataset9.Primary_B_Cell_diff_d5.Cicero.e2g.tsv.gz		/scratch/users/kaybrand/Data/CharacterizationMcGinnis_Dataset9/D5/CharacterizationMcGinnis_Dataset9.d5.FigR.e2g.tsv.gz		/scratch/users/kaybrand/Data/CharacterizationMcGinnis_Dataset9/D5/CharacterizationMcGinnis_Dataset9_D5_EPCOT.e2g.tsv.gz	/oak/stanford/groups/engreitz/Users/kaybrand/scE2G/results/CharacterizationMcGinnis_Dataset9/D5/multiome_powerlaw_v3/encode_e2g_predictions.tsv.gz	/oak/stanford/groups/engreitz/Users/kaybrand/scE2G/results/CharacterizationMcGinnis_Dataset9/D5/multiome_powerlaw_v3/encode_e2g_predictions.tsv.gz	/oak/stanford/groups/engreitz/Users/kaybrand/scE2G/results/CharacterizationMcGinnis_Dataset9/D5/multiome_powerlaw_v3/encode_e2g_predictions.tsv.gz	
S5_2D3D	/scratch/users/kaybrand/Data/CharacterizationMcGinnis_Dataset6/S5_2D3D/CharacterizationMcGinnis_Dataset6_S5_2D3D_scE2G_multiome_powerlaw_v3.e2g.tsv.gz	/scratch/users/kaybrand/Data/CharacterizationMcGinnis_Dataset6/S5_2D3D/CharacterizationMcGinnis_Dataset6_S5_2D3D_scE2G_scATAC_powerlaw_v3.e2g.tsv.gz	/scratch/users/kaybrand/Data/CharacterizationMcGinnis_Dataset6/S5_2D3D/CharacterizationMcGinnis_Dataset6_S5_2D3D_pgBoost.e2g.tsv.gz	/scratch/users/kaybrand/Data/CharacterizationMcGinnis_Dataset6/S5_2D3D/CharacterizationMcGinnis_Dataset6_S5_2D3D_ArchR.e2g.tsv.gz	/scratch/users/kaybrand/Data/CharacterizationMcGinnis_Dataset6/S5_2D3D/CharacterizationMcGinnis_Dataset6_S5_2D3D_Signac.e2g.tsv.gz	/scratch/users/kaybrand/Data/CharacterizationMcGinnis_Dataset6/S5_2D3D/CharacterizationMcGinnis_Dataset6.H1_Pancreatic_diff_S5_2D3D.Cicero.e2g.tsv.gz	/scratch/users/kaybrand/Data/CharacterizationMcGinnis_Dataset6/S5_2D3D/CharacterizationMcGinnis_Dataset6_S5_2D3D_SCENT.e2g.tsv.gz	/scratch/users/kaybrand/Data/CharacterizationMcGinnis_Dataset6/S5_2D3D/CharacterizationMcGinnis_Dataset6.S5_2D3D.FigR.e2g.tsv.gz		/scratch/users/kaybrand/Data/CharacterizationMcGinnis_Dataset6/S5_2D3D/CharacterizationMcGinnis_Dataset6_S5_2D3D_EPCOT.e2g.tsv.gz	/oak/stanford/groups/engreitz/Users/kaybrand/scE2G/results/CharacterizationMcGinnis_Dataset6/S5_2D3D/multiome_powerlaw_v3/encode_e2g_predictions.tsv.gz	/oak/stanford/groups/engreitz/Users/kaybrand/scE2G/results/CharacterizationMcGinnis_Dataset6/S5_2D3D/multiome_powerlaw_v3/encode_e2g_predictions.tsv.gz	/oak/stanford/groups/engreitz/Users/kaybrand/scE2G/results/CharacterizationMcGinnis_Dataset6/S5_2D3D/multiome_powerlaw_v3/encode_e2g_predictions.tsv.gz	
S4	/scratch/users/kaybrand/Data/CharacterizationMcGinnis_Dataset6/S4/CharacterizationMcGinnis_Dataset6_S4_scE2G_multiome_powerlaw_v3.e2g.tsv.gz	/scratch/users/kaybrand/Data/CharacterizationMcGinnis_Dataset6/S4/CharacterizationMcGinnis_Dataset6_S4_scE2G_scATAC_powerlaw_v3.e2g.tsv.gz	/scratch/users/kaybrand/Data/CharacterizationMcGinnis_Dataset6/S4/CharacterizationMcGinnis_Dataset6_S4_pgBoost.e2g.tsv.gz	/scratch/users/kaybrand/Data/CharacterizationMcGinnis_Dataset6/S4/CharacterizationMcGinnis_Dataset6_S4_ArchR.e2g.tsv.gz	/scratch/users/kaybrand/Data/CharacterizationMcGinnis_Dataset6/S4/CharacterizationMcGinnis_Dataset6_S4_Signac.e2g.tsv.gz	/scratch/users/kaybrand/Data/CharacterizationMcGinnis_Dataset6/S4/CharacterizationMcGinnis_Dataset6.H1_Pancreatic_diff_S4.Cicero.e2g.tsv.gz	/scratch/users/kaybrand/Data/CharacterizationMcGinnis_Dataset6/S4/CharacterizationMcGinnis_Dataset6_S4_SCENT.e2g.tsv.gz	/scratch/users/kaybrand/Data/CharacterizationMcGinnis_Dataset6/S4/CharacterizationMcGinnis_Dataset6.S4.FigR.e2g.tsv.gz		/scratch/users/kaybrand/Data/CharacterizationMcGinnis_Dataset6/S4/CharacterizationMcGinnis_Dataset6_S4_EPCOT.e2g.tsv.gz	/oak/stanford/groups/engreitz/Users/kaybrand/scE2G/results/CharacterizationMcGinnis_Dataset6/S4/multiome_powerlaw_v3/encode_e2g_predictions.tsv.gz	/oak/stanford/groups/engreitz/Users/kaybrand/scE2G/results/CharacterizationMcGinnis_Dataset6/S4/multiome_powerlaw_v3/encode_e2g_predictions.tsv.gz	/oak/stanford/groups/engreitz/Users/kaybrand/scE2G/results/CharacterizationMcGinnis_Dataset6/S4/multiome_powerlaw_v3/encode_e2g_predictions.tsv.gz	
S3	/scratch/users/kaybrand/Data/CharacterizationMcGinnis_Dataset6/S3/CharacterizationMcGinnis_Dataset6_S3_scE2G_multiome_powerlaw_v3.e2g.tsv.gz	/scratch/users/kaybrand/Data/CharacterizationMcGinnis_Dataset6/S3/CharacterizationMcGinnis_Dataset6_S3_scE2G_scATAC_powerlaw_v3.e2g.tsv.gz	/scratch/users/kaybrand/Data/CharacterizationMcGinnis_Dataset6/S3/CharacterizationMcGinnis_Dataset6_S3_pgBoost.e2g.tsv.gz	/scratch/users/kaybrand/Data/CharacterizationMcGinnis_Dataset6/S3/CharacterizationMcGinnis_Dataset6_S3_ArchR.e2g.tsv.gz	/scratch/users/kaybrand/Data/CharacterizationMcGinnis_Dataset6/S3/CharacterizationMcGinnis_Dataset6_S3_Signac.e2g.tsv.gz	/scratch/users/kaybrand/Data/CharacterizationMcGinnis_Dataset6/S3/CharacterizationMcGinnis_Dataset6.H1_Pancreatic_diff_S3.Cicero.e2g.tsv.gz	/scratch/users/kaybrand/Data/CharacterizationMcGinnis_Dataset6/S3/CharacterizationMcGinnis_Dataset6_S3_SCENT.e2g.tsv.gz	/scratch/users/kaybrand/Data/CharacterizationMcGinnis_Dataset6/S3/CharacterizationMcGinnis_Dataset6.S3.FigR.e2g.tsv.gz		/scratch/users/kaybrand/Data/CharacterizationMcGinnis_Dataset6/S3/CharacterizationMcGinnis_Dataset6_S3_EPCOT.e2g.tsv.gz	/oak/stanford/groups/engreitz/Users/kaybrand/scE2G/results/CharacterizationMcGinnis_Dataset6/S3/multiome_powerlaw_v3/encode_e2g_predictions.tsv.gz	/oak/stanford/groups/engreitz/Users/kaybrand/scE2G/results/CharacterizationMcGinnis_Dataset6/S3/multiome_powerlaw_v3/encode_e2g_predictions.tsv.gz	/oak/stanford/groups/engreitz/Users/kaybrand/scE2G/results/CharacterizationMcGinnis_Dataset6/S3/multiome_powerlaw_v3/encode_e2g_predictions.tsv.gz	
S6_2D	/scratch/users/kaybrand/Data/CharacterizationMcGinnis_Dataset6/S6_2D/CharacterizationMcGinnis_Dataset6_S6_2D_scE2G_multiome_powerlaw_v3.e2g.tsv.gz	/scratch/users/kaybrand/Data/CharacterizationMcGinnis_Dataset6/S6_2D/CharacterizationMcGinnis_Dataset6_S6_2D_scE2G_scATAC_powerlaw_v3.e2g.tsv.gz	/scratch/users/kaybrand/Data/CharacterizationMcGinnis_Dataset6/S6_2D/CharacterizationMcGinnis_Dataset6_S6_2D_pgBoost.e2g.tsv.gz	/scratch/users/kaybrand/Data/CharacterizationMcGinnis_Dataset6/S6_2D/CharacterizationMcGinnis_Dataset6_S6_2D_ArchR.e2g.tsv.gz	/scratch/users/kaybrand/Data/CharacterizationMcGinnis_Dataset6/S6_2D/CharacterizationMcGinnis_Dataset6_S6_2D_Signac.e2g.tsv.gz	/scratch/users/kaybrand/Data/CharacterizationMcGinnis_Dataset6/S6_2D/CharacterizationMcGinnis_Dataset6.H1_Pancreatic_diff_S6_2D.Cicero.e2g.tsv.gz		/scratch/users/kaybrand/Data/CharacterizationMcGinnis_Dataset6/S6_2D/CharacterizationMcGinnis_Dataset6.S6_2D.FigR.e2g.tsv.gz		/scratch/users/kaybrand/Data/CharacterizationMcGinnis_Dataset6/S6_2D/CharacterizationMcGinnis_Dataset6_S6_2D_EPCOT.e2g.tsv.gz	/oak/stanford/groups/engreitz/Users/kaybrand/scE2G/results/CharacterizationMcGinnis_Dataset6/S6_2D/multiome_powerlaw_v3/encode_e2g_predictions.tsv.gz	/oak/stanford/groups/engreitz/Users/kaybrand/scE2G/results/CharacterizationMcGinnis_Dataset6/S6_2D/multiome_powerlaw_v3/encode_e2g_predictions.tsv.gz	/oak/stanford/groups/engreitz/Users/kaybrand/scE2G/results/CharacterizationMcGinnis_Dataset6/S6_2D/multiome_powerlaw_v3/encode_e2g_predictions.tsv.gz	pancreatic_islet
S1	/scratch/users/kaybrand/Data/CharacterizationMcGinnis_Dataset6/S1/CharacterizationMcGinnis_Dataset6_S1_scE2G_multiome_powerlaw_v3.e2g.tsv.gz	/scratch/users/kaybrand/Data/CharacterizationMcGinnis_Dataset6/S1/CharacterizationMcGinnis_Dataset6_S1_scE2G_scATAC_powerlaw_v3.e2g.tsv.gz	/scratch/users/kaybrand/Data/CharacterizationMcGinnis_Dataset6/S1/CharacterizationMcGinnis_Dataset6_S1_pgBoost.e2g.tsv.gz	/scratch/users/kaybrand/Data/CharacterizationMcGinnis_Dataset6/S1/CharacterizationMcGinnis_Dataset6_S1_ArchR.e2g.tsv.gz	/scratch/users/kaybrand/Data/CharacterizationMcGinnis_Dataset6/S1/CharacterizationMcGinnis_Dataset6_S1_Signac.e2g.tsv.gz	/scratch/users/kaybrand/Data/CharacterizationMcGinnis_Dataset6/S1/CharacterizationMcGinnis_Dataset6.H1_Pancreatic_diff_S1.Cicero.e2g.tsv.gz	/scratch/users/kaybrand/Data/CharacterizationMcGinnis_Dataset6/S1/CharacterizationMcGinnis_Dataset6_S1_SCENT.e2g.tsv.gz	/scratch/users/kaybrand/Data/CharacterizationMcGinnis_Dataset6/S1/CharacterizationMcGinnis_Dataset6.S1.FigR.e2g.tsv.gz		/scratch/users/kaybrand/Data/CharacterizationMcGinnis_Dataset6/S1/CharacterizationMcGinnis_Dataset6_S1_EPCOT.e2g.tsv.gz	/oak/stanford/groups/engreitz/Users/kaybrand/scE2G/results/CharacterizationMcGinnis_Dataset6/S1/multiome_powerlaw_v3/encode_e2g_predictions.tsv.gz	/oak/stanford/groups/engreitz/Users/kaybrand/scE2G/results/CharacterizationMcGinnis_Dataset6/S1/multiome_powerlaw_v3/encode_e2g_predictions.tsv.gz	/oak/stanford/groups/engreitz/Users/kaybrand/scE2G/results/CharacterizationMcGinnis_Dataset6/S1/multiome_powerlaw_v3/encode_e2g_predictions.tsv.gz	
S5_2D	/scratch/users/kaybrand/Data/CharacterizationMcGinnis_Dataset6/S5_2D/CharacterizationMcGinnis_Dataset6_S5_2D_scE2G_multiome_powerlaw_v3.e2g.tsv.gz	/scratch/users/kaybrand/Data/CharacterizationMcGinnis_Dataset6/S5_2D/CharacterizationMcGinnis_Dataset6_S5_2D_scE2G_scATAC_powerlaw_v3.e2g.tsv.gz	/scratch/users/kaybrand/Data/CharacterizationMcGinnis_Dataset6/S5_2D/CharacterizationMcGinnis_Dataset6_S5_2D_pgBoost.e2g.tsv.gz	/scratch/users/kaybrand/Data/CharacterizationMcGinnis_Dataset6/S5_2D/CharacterizationMcGinnis_Dataset6_S5_2D_ArchR.e2g.tsv.gz	/scratch/users/kaybrand/Data/CharacterizationMcGinnis_Dataset6/S5_2D/CharacterizationMcGinnis_Dataset6_S5_2D_Signac.e2g.tsv.gz	/scratch/users/kaybrand/Data/CharacterizationMcGinnis_Dataset6/S5_2D/CharacterizationMcGinnis_Dataset6.H1_Pancreatic_diff_S5_2D.Cicero.e2g.tsv.gz		/scratch/users/kaybrand/Data/CharacterizationMcGinnis_Dataset6/S5_2D/CharacterizationMcGinnis_Dataset6.S5_2D.FigR.e2g.tsv.gz		/scratch/users/kaybrand/Data/CharacterizationMcGinnis_Dataset6/S5_2D/CharacterizationMcGinnis_Dataset6_S5_2D_EPCOT.e2g.tsv.gz	/oak/stanford/groups/engreitz/Users/kaybrand/scE2G/results/CharacterizationMcGinnis_Dataset6/S5_2D/multiome_powerlaw_v3/encode_e2g_predictions.tsv.gz	/oak/stanford/groups/engreitz/Users/kaybrand/scE2G/results/CharacterizationMcGinnis_Dataset6/S5_2D/multiome_powerlaw_v3/encode_e2g_predictions.tsv.gz	/oak/stanford/groups/engreitz/Users/kaybrand/scE2G/results/CharacterizationMcGinnis_Dataset6/S5_2D/multiome_powerlaw_v3/encode_e2g_predictions.tsv.gz	
S6_2D3D	/scratch/users/kaybrand/Data/CharacterizationMcGinnis_Dataset6/S6_2D3D/CharacterizationMcGinnis_Dataset6_S6_2D3D_scE2G_multiome_powerlaw_v3.e2g.tsv.gz	/scratch/users/kaybrand/Data/CharacterizationMcGinnis_Dataset6/S6_2D3D/CharacterizationMcGinnis_Dataset6_S6_2D3D_scE2G_scATAC_powerlaw_v3.e2g.tsv.gz	/scratch/users/kaybrand/Data/CharacterizationMcGinnis_Dataset6/S6_2D3D/CharacterizationMcGinnis_Dataset6_S6_2D3D_pgBoost.e2g.tsv.gz	/scratch/users/kaybrand/Data/CharacterizationMcGinnis_Dataset6/S6_2D3D/CharacterizationMcGinnis_Dataset6_S6_2D3D_ArchR.e2g.tsv.gz	/scratch/users/kaybrand/Data/CharacterizationMcGinnis_Dataset6/S6_2D3D/CharacterizationMcGinnis_Dataset6_S6_2D3D_Signac.e2g.tsv.gz	/scratch/users/kaybrand/Data/CharacterizationMcGinnis_Dataset6/S6_2D3D/CharacterizationMcGinnis_Dataset6.H1_Pancreatic_diff_S6_2D3D.Cicero.e2g.tsv.gz	/scratch/users/kaybrand/Data/CharacterizationMcGinnis_Dataset6/S6_2D3D/CharacterizationMcGinnis_Dataset6_S6_2D3D_SCENT.e2g.tsv.gz	/scratch/users/kaybrand/Data/CharacterizationMcGinnis_Dataset6/S6_2D3D/CharacterizationMcGinnis_Dataset6.S6_2D3D.FigR.e2g.tsv.gz		/scratch/users/kaybrand/Data/CharacterizationMcGinnis_Dataset6/S6_2D3D/CharacterizationMcGinnis_Dataset6_S6_2D3D_EPCOT.e2g.tsv.gz	/oak/stanford/groups/engreitz/Users/kaybrand/scE2G/results/CharacterizationMcGinnis_Dataset6/S6_2D3D/multiome_powerlaw_v3/encode_e2g_predictions.tsv.gz	/oak/stanford/groups/engreitz/Users/kaybrand/scE2G/results/CharacterizationMcGinnis_Dataset6/S6_2D3D/multiome_powerlaw_v3/encode_e2g_predictions.tsv.gz	/oak/stanford/groups/engreitz/Users/kaybrand/scE2G/results/CharacterizationMcGinnis_Dataset6/S6_2D3D/multiome_powerlaw_v3/encode_e2g_predictions.tsv.gz	pancreatic_islet
SMBM_serum	/scratch/users/kaybrand/Data/CharacterizationMcGinnis_Dataset7/SMBM_serum/CharacterizationMcGinnis_Dataset7_SMBM_serum_scE2G_multiome_powerlaw_v3.e2g.tsv.gz	/scratch/users/kaybrand/Data/CharacterizationMcGinnis_Dataset7/SMBM_serum/CharacterizationMcGinnis_Dataset7_SMBM_serum_scE2G_scATAC_powerlaw_v3.e2g.tsv.gz	/scratch/users/kaybrand/Data/CharacterizationMcGinnis_Dataset7/SMBM_serum/CharacterizationMcGinnis_Dataset7_SMBM_serum_pgBoost.e2g.tsv.gz	/scratch/users/kaybrand/Data/CharacterizationMcGinnis_Dataset7/SMBM_serum/CharacterizationMcGinnis_Dataset7_SMBM_serum_ArchR.e2g.tsv.gz	/scratch/users/kaybrand/Data/CharacterizationMcGinnis_Dataset7/SMBM_serum/CharacterizationMcGinnis_Dataset7_SMBM_serum_Signac.e2g.tsv.gz	/scratch/users/kaybrand/Data/CharacterizationMcGinnis_Dataset7/SMBM_serum/CharacterizationMcGinnis_Dataset7_human.SMBM_serum.Cicero.e2g.tsv.gz	/scratch/users/kaybrand/Data/CharacterizationMcGinnis_Dataset7/SMBM_serum/CharacterizationMcGinnis_Dataset7_SMBM_serum_SCENT.e2g.tsv.gz	/scratch/users/kaybrand/Data/CharacterizationMcGinnis_Dataset7/SMBM_serum/CharacterizationMcGinnis_Dataset7.SMBM_serum.FigR.e2g.tsv.gz			/oak/stanford/groups/engreitz/Users/kaybrand/scE2G/results/CharacterizationMcGinnis_Dataset7/SMBM_serum/multiome_powerlaw_v3/encode_e2g_predictions.tsv.gz	/oak/stanford/groups/engreitz/Users/kaybrand/scE2G/results/CharacterizationMcGinnis_Dataset7/SMBM_serum/multiome_powerlaw_v3/encode_e2g_predictions.tsv.gz	/oak/stanford/groups/engreitz/Users/kaybrand/scE2G/results/CharacterizationMcGinnis_Dataset7/SMBM_serum/multiome_powerlaw_v3/encode_e2g_predictions.tsv.gz	
SMBM_noserum	/scratch/users/kaybrand/Data/CharacterizationMcGinnis_Dataset7/SMBM_noserum/CharacterizationMcGinnis_Dataset7_SMBM_noserum_scE2G_multiome_powerlaw_v3.e2g.tsv.gz	/scratch/users/kaybrand/Data/CharacterizationMcGinnis_Dataset7/SMBM_noserum/CharacterizationMcGinnis_Dataset7_SMBM_noserum_scE2G_scATAC_powerlaw_v3.e2g.tsv.gz	/scratch/users/kaybrand/Data/CharacterizationMcGinnis_Dataset7/SMBM_noserum/CharacterizationMcGinnis_Dataset7_SMBM_noserum_pgBoost.e2g.tsv.gz	/scratch/users/kaybrand/Data/CharacterizationMcGinnis_Dataset7/SMBM_noserum/CharacterizationMcGinnis_Dataset7_SMBM_noserum_ArchR.e2g.tsv.gz	/scratch/users/kaybrand/Data/CharacterizationMcGinnis_Dataset7/SMBM_noserum/CharacterizationMcGinnis_Dataset7_SMBM_noserum_Signac.e2g.tsv.gz	/scratch/users/kaybrand/Data/CharacterizationMcGinnis_Dataset7/SMBM_noserum/CharacterizationMcGinnis_Dataset7_human.SMBM_no_serum.Cicero.e2g.tsv.gz		/scratch/users/kaybrand/Data/CharacterizationMcGinnis_Dataset7/SMBM_noserum/CharacterizationMcGinnis_Dataset7.SMBM_noserum.FigR.e2g.tsv.gz			/oak/stanford/groups/engreitz/Users/kaybrand/scE2G/results/CharacterizationMcGinnis_Dataset7/SMBM_noserum/multiome_powerlaw_v3/encode_e2g_predictions.tsv.gz	/oak/stanford/groups/engreitz/Users/kaybrand/scE2G/results/CharacterizationMcGinnis_Dataset7/SMBM_noserum/multiome_powerlaw_v3/encode_e2g_predictions.tsv.gz	/oak/stanford/groups/engreitz/Users/kaybrand/scE2G/results/CharacterizationMcGinnis_Dataset7/SMBM_noserum/multiome_powerlaw_v3/encode_e2g_predictions.tsv.gz	
DMEM_noserum	/scratch/users/kaybrand/Data/CharacterizationMcGinnis_Dataset7/DMEM_noserum/CharacterizationMcGinnis_Dataset7_DMEM_noserum_scE2G_multiome_powerlaw_v3.e2g.tsv.gz	/scratch/users/kaybrand/Data/CharacterizationMcGinnis_Dataset7/DMEM_noserum/CharacterizationMcGinnis_Dataset7_DMEM_noserum_scE2G_scATAC_powerlaw_v3.e2g.tsv.gz	/scratch/users/kaybrand/Data/CharacterizationMcGinnis_Dataset7/DMEM_noserum/CharacterizationMcGinnis_Dataset7_DMEM_noserum_pgBoost.e2g.tsv.gz	/scratch/users/kaybrand/Data/CharacterizationMcGinnis_Dataset7/DMEM_noserum/CharacterizationMcGinnis_Dataset7_DMEM_noserum_ArchR.e2g.tsv.gz	/scratch/users/kaybrand/Data/CharacterizationMcGinnis_Dataset7/DMEM_noserum/CharacterizationMcGinnis_Dataset7_DMEM_noserum_Signac.e2g.tsv.gz	/scratch/users/kaybrand/Data/CharacterizationMcGinnis_Dataset7/DMEM_noserum/CharacterizationMcGinnis_Dataset7_human.DMEM_no_serum.Cicero.e2g.tsv.gz		/scratch/users/kaybrand/Data/CharacterizationMcGinnis_Dataset7/DMEM_noserum/CharacterizationMcGinnis_Dataset7.DMEM_noserum.FigR.e2g.tsv.gz			/oak/stanford/groups/engreitz/Users/kaybrand/scE2G/results/CharacterizationMcGinnis_Dataset7/DMEM_noserum/multiome_powerlaw_v3/encode_e2g_predictions.tsv.gz	/oak/stanford/groups/engreitz/Users/kaybrand/scE2G/results/CharacterizationMcGinnis_Dataset7/DMEM_noserum/multiome_powerlaw_v3/encode_e2g_predictions.tsv.gz	/oak/stanford/groups/engreitz/Users/kaybrand/scE2G/results/CharacterizationMcGinnis_Dataset7/DMEM_noserum/multiome_powerlaw_v3/encode_e2g_predictions.tsv.gz	
calcification_d10	/scratch/users/kaybrand/Data/CharacterizationMcGinnis_Dataset7/calcification_d10/CharacterizationMcGinnis_Dataset7_calcification_d10_scE2G_multiome_powerlaw_v3.e2g.tsv.gz	/scratch/users/kaybrand/Data/CharacterizationMcGinnis_Dataset7/calcification_d10/CharacterizationMcGinnis_Dataset7_calcification_d10_scE2G_scATAC_powerlaw_v3.e2g.tsv.gz	/scratch/users/kaybrand/Data/CharacterizationMcGinnis_Dataset7/calcification_d10/CharacterizationMcGinnis_Dataset7_calcification_d10_pgBoost.e2g.tsv.gz	/scratch/users/kaybrand/Data/CharacterizationMcGinnis_Dataset7/calcification_d10/CharacterizationMcGinnis_Dataset7_calcification_d10_ArchR.e2g.tsv.gz	/scratch/users/kaybrand/Data/CharacterizationMcGinnis_Dataset7/calcification_d10/CharacterizationMcGinnis_Dataset7_calcification_d10_Signac.e2g.tsv.gz	/scratch/users/kaybrand/Data/CharacterizationMcGinnis_Dataset7/calcification_d10/CharacterizationMcGinnis_Dataset7_human.calcification_d10.Cicero.e2g.tsv.gz	/scratch/users/kaybrand/Data/CharacterizationMcGinnis_Dataset7/calcification_d10/CharacterizationMcGinnis_Dataset7_calcification_d10_SCENT.e2g.tsv.gz	/scratch/users/kaybrand/Data/CharacterizationMcGinnis_Dataset7/calcification_d10/CharacterizationMcGinnis_Dataset7.calcification_d10.FigR.e2g.tsv.gz			/oak/stanford/groups/engreitz/Users/kaybrand/scE2G/results/CharacterizationMcGinnis_Dataset7/calcification_d10/multiome_powerlaw_v3/encode_e2g_predictions.tsv.gz	/oak/stanford/groups/engreitz/Users/kaybrand/scE2G/results/CharacterizationMcGinnis_Dataset7/calcification_d10/multiome_powerlaw_v3/encode_e2g_predictions.tsv.gz	/oak/stanford/groups/engreitz/Users/kaybrand/scE2G/results/CharacterizationMcGinnis_Dataset7/calcification_d10/multiome_powerlaw_v3/encode_e2g_predictions.tsv.gz	fibroblast
calcification_d6	/scratch/users/kaybrand/Data/CharacterizationMcGinnis_Dataset7/calcification_d6/CharacterizationMcGinnis_Dataset7_calcification_d6_scE2G_multiome_powerlaw_v3.e2g.tsv.gz	/scratch/users/kaybrand/Data/CharacterizationMcGinnis_Dataset7/calcification_d6/CharacterizationMcGinnis_Dataset7_calcification_d6_scE2G_scATAC_powerlaw_v3.e2g.tsv.gz	/scratch/users/kaybrand/Data/CharacterizationMcGinnis_Dataset7/calcification_d6/CharacterizationMcGinnis_Dataset7_calcification_d6_pgBoost.e2g.tsv.gz	/scratch/users/kaybrand/Data/CharacterizationMcGinnis_Dataset7/calcification_d6/CharacterizationMcGinnis_Dataset7_calcification_d6_ArchR.e2g.tsv.gz	/scratch/users/kaybrand/Data/CharacterizationMcGinnis_Dataset7/calcification_d6/CharacterizationMcGinnis_Dataset7_calcification_d6_Signac.e2g.tsv.gz	/scratch/users/kaybrand/Data/CharacterizationMcGinnis_Dataset7/calcification_d6/CharacterizationMcGinnis_Dataset7_human.calcification_d6.Cicero.e2g.tsv.gz	/scratch/users/kaybrand/Data/CharacterizationMcGinnis_Dataset7/calcification_d6/CharacterizationMcGinnis_Dataset7_calcification_d6_SCENT.e2g.tsv.gz	/scratch/users/kaybrand/Data/CharacterizationMcGinnis_Dataset7/calcification_d6/CharacterizationMcGinnis_Dataset7.calcification_d6.FigR.e2g.tsv.gz			/oak/stanford/groups/engreitz/Users/kaybrand/scE2G/results/CharacterizationMcGinnis_Dataset7/calcification_d6/multiome_powerlaw_v3/encode_e2g_predictions.tsv.gz	/oak/stanford/groups/engreitz/Users/kaybrand/scE2G/results/CharacterizationMcGinnis_Dataset7/calcification_d6/multiome_powerlaw_v3/encode_e2g_predictions.tsv.gz	/oak/stanford/groups/engreitz/Users/kaybrand/scE2G/results/CharacterizationMcGinnis_Dataset7/calcification_d6/multiome_powerlaw_v3/encode_e2g_predictions.tsv.gz	fibroblast
GM12878	/scratch/users/kaybrand/Data/GM12878_10XMultiome/GM12878/GM12878_10XMultiome_GM12878_scE2G_multiome_powerlaw_v3.e2g.tsv.gz	/scratch/users/kaybrand/Data/GM12878_10XMultiome/GM12878/GM12878_10XMultiome_GM12878_scE2G_scATAC_powerlaw_v3.e2g.tsv.gz	/scratch/users/kaybrand/Data/GM12878_10XMultiome/GM12878/GM12878_10XMultiome_GM12878_pgBoost.e2g.tsv.gz	/scratch/users/kaybrand/Data/GM12878_10XMultiome/GM12878/GM12878_10XMultiome_GM12878_ArchR.e2g.tsv.gz	/scratch/users/kaybrand/Data/GM12878_10XMultiome/GM12878/GM12878_10XMultiome_GM12878_Signac.e2g.tsv.gz	/scratch/users/kaybrand/Data/GM12878_10XMultiome/GM12878/GM12878_10XMultiome_GM12878_Cicero.e2g.tsv.gz	/scratch/users/kaybrand/Data/GM12878_10XMultiome/GM12878/GM12878_10XMultiome_GM12878_SCENT.e2g.tsv.gz	/scratch/users/kaybrand/Data/GM12878_10XMultiome/GM12878/GM12878_10XMultiome.GM12878.FigR.e2g.tsv.gz		/scratch/users/kaybrand/Data/GM12878_10XMultiome/GM12878/GM12878_10XMultiome_GM12878_EPCOT.e2g.tsv.gz	/oak/stanford/groups/engreitz/Users/kaybrand/scE2G/results/GM12878_10XMultiome/GM12878/multiome_powerlaw_v3/encode_e2g_predictions.tsv.gz	/oak/stanford/groups/engreitz/Users/kaybrand/scE2G/results/GM12878_10XMultiome/GM12878/multiome_powerlaw_v3/encode_e2g_predictions.tsv.gz	/oak/stanford/groups/engreitz/Users/kaybrand/scE2G/results/GM12878_10XMultiome/GM12878/multiome_powerlaw_v3/encode_e2g_predictions.tsv.gz	LCL
teloHAEC-4hr	/scratch/users/kaybrand/Data/CharacterizationMcGinnis_Dataset2/teloHAEC-4hr/CharacterizationMcGinnis_Dataset2_teloHAEC-4hr_scE2G_multiome_powerlaw_v3.e2g.tsv.gz	/scratch/users/kaybrand/Data/CharacterizationMcGinnis_Dataset2/teloHAEC-4hr/CharacterizationMcGinnis_Dataset2_teloHAEC-4hr_scE2G_scATAC_powerlaw_v3.e2g.tsv.gz	/scratch/users/kaybrand/Data/CharacterizationMcGinnis_Dataset2/teloHAEC-4hr/CharacterizationMcGinnis_Dataset2_teloHAEC-4hr_pgBoost.e2g.tsv.gz	/scratch/users/kaybrand/Data/CharacterizationMcGinnis_Dataset2/teloHAEC-4hr/CharacterizationMcGinnis_Dataset2_teloHAEC-4hr_ArchR.e2g.tsv.gz	/scratch/users/kaybrand/Data/CharacterizationMcGinnis_Dataset2/teloHAEC-4hr/CharacterizationMcGinnis_Dataset2_teloHAEC-4hr_Signac.e2g.tsv.gz	/scratch/users/kaybrand/Data/CharacterizationMcGinnis_Dataset2/teloHAEC-4hr/CharacterizationMcGinnis_Dataset2.teloHAEC_TNFa_4hr.Cicero.e2g.tsv.gz	/scratch/users/kaybrand/Data/CharacterizationMcGinnis_Dataset2/teloHAEC-4hr/CharacterizationMcGinnis_Dataset2_teloHAEC-4hr_SCENT.e2g.tsv.gz	/scratch/users/kaybrand/Data/CharacterizationMcGinnis_Dataset2/teloHAEC-4hr/CharacterizationMcGinnis_Dataset2.4hr.FigR.e2g.tsv.gz			/oak/stanford/groups/engreitz/Users/kaybrand/scE2G/results/CharacterizationMcGinnis_Dataset2/teloHAEC-4hr/multiome_powerlaw_v3/encode_e2g_predictions.tsv.gz	/oak/stanford/groups/engreitz/Users/kaybrand/scE2G/results/CharacterizationMcGinnis_Dataset2/teloHAEC-4hr/multiome_powerlaw_v3/encode_e2g_predictions.tsv.gz	/oak/stanford/groups/engreitz/Users/kaybrand/scE2G/results/CharacterizationMcGinnis_Dataset2/teloHAEC-4hr/multiome_powerlaw_v3/encode_e2g_predictions.tsv.gz	
teloHAEC-24hr	/scratch/users/kaybrand/Data/CharacterizationMcGinnis_Dataset2/teloHAEC-24hr/CharacterizationMcGinnis_Dataset2_teloHAEC-24hr_scE2G_multiome_powerlaw_v3.e2g.tsv.gz	/scratch/users/kaybrand/Data/CharacterizationMcGinnis_Dataset2/teloHAEC-24hr/CharacterizationMcGinnis_Dataset2_teloHAEC-24hr_scE2G_scATAC_powerlaw_v3.e2g.tsv.gz	/scratch/users/kaybrand/Data/CharacterizationMcGinnis_Dataset2/teloHAEC-24hr/CharacterizationMcGinnis_Dataset2_teloHAEC-24hr_pgBoost.e2g.tsv.gz	/scratch/users/kaybrand/Data/CharacterizationMcGinnis_Dataset2/teloHAEC-24hr/CharacterizationMcGinnis_Dataset2_teloHAEC-24hr_ArchR.e2g.tsv.gz	/scratch/users/kaybrand/Data/CharacterizationMcGinnis_Dataset2/teloHAEC-24hr/CharacterizationMcGinnis_Dataset2_teloHAEC-24hr_Signac.e2g.tsv.gz	/scratch/users/kaybrand/Data/CharacterizationMcGinnis_Dataset2/teloHAEC-24hr/CharacterizationMcGinnis_Dataset2.teloHAEC_TNFa_24hr.Cicero.e2g.tsv.gz	/scratch/users/kaybrand/Data/CharacterizationMcGinnis_Dataset2/teloHAEC-24hr/CharacterizationMcGinnis_Dataset2_teloHAEC-24hr_SCENT.e2g.tsv.gz	/scratch/users/kaybrand/Data/CharacterizationMcGinnis_Dataset2/teloHAEC-24hr/CharacterizationMcGinnis_Dataset2.24hr.FigR.e2g.tsv.gz			/oak/stanford/groups/engreitz/Users/kaybrand/scE2G/results/CharacterizationMcGinnis_Dataset2/teloHAEC-24hr/multiome_powerlaw_v3/encode_e2g_predictions.tsv.gz	/oak/stanford/groups/engreitz/Users/kaybrand/scE2G/results/CharacterizationMcGinnis_Dataset2/teloHAEC-24hr/multiome_powerlaw_v3/encode_e2g_predictions.tsv.gz	/oak/stanford/groups/engreitz/Users/kaybrand/scE2G/results/CharacterizationMcGinnis_Dataset2/teloHAEC-24hr/multiome_powerlaw_v3/encode_e2g_predictions.tsv.gz	
teloHAEC-0hr	/scratch/users/kaybrand/Data/CharacterizationMcGinnis_Dataset2/teloHAEC-0hr/CharacterizationMcGinnis_Dataset2_teloHAEC-0hr_scE2G_multiome_powerlaw_v3.e2g.tsv.gz	/scratch/users/kaybrand/Data/CharacterizationMcGinnis_Dataset2/teloHAEC-0hr/CharacterizationMcGinnis_Dataset2_teloHAEC-0hr_scE2G_scATAC_powerlaw_v3.e2g.tsv.gz	/scratch/users/kaybrand/Data/CharacterizationMcGinnis_Dataset2/teloHAEC-0hr/CharacterizationMcGinnis_Dataset2_teloHAEC-0hr_pgBoost.e2g.tsv.gz	/scratch/users/kaybrand/Data/CharacterizationMcGinnis_Dataset2/teloHAEC-0hr/CharacterizationMcGinnis_Dataset2_teloHAEC-0hr_ArchR.e2g.tsv.gz	/scratch/users/kaybrand/Data/CharacterizationMcGinnis_Dataset2/teloHAEC-0hr/CharacterizationMcGinnis_Dataset2_teloHAEC-0hr_Signac.e2g.tsv.gz	/scratch/users/kaybrand/Data/CharacterizationMcGinnis_Dataset2/teloHAEC-0hr/CharacterizationMcGinnis_Dataset2.teloHAEC_TNFa_0hr.Cicero.e2g.tsv.gz	/scratch/users/kaybrand/Data/CharacterizationMcGinnis_Dataset2/teloHAEC-0hr/CharacterizationMcGinnis_Dataset2_teloHAEC-0hr_SCENT.e2g.tsv.gz	/scratch/users/kaybrand/Data/CharacterizationMcGinnis_Dataset2/teloHAEC-0hr/CharacterizationMcGinnis_Dataset2.0hr.FigR.e2g.tsv.gz			/oak/stanford/groups/engreitz/Users/kaybrand/scE2G/results/CharacterizationMcGinnis_Dataset2/teloHAEC-0hr/multiome_powerlaw_v3/encode_e2g_predictions.tsv.gz	/oak/stanford/groups/engreitz/Users/kaybrand/scE2G/results/CharacterizationMcGinnis_Dataset2/teloHAEC-0hr/multiome_powerlaw_v3/encode_e2g_predictions.tsv.gz	/oak/stanford/groups/engreitz/Users/kaybrand/scE2G/results/CharacterizationMcGinnis_Dataset2/teloHAEC-0hr/multiome_powerlaw_v3/encode_e2g_predictions.tsv.gz	
