biosample	scE2G_multiome	scE2G_ATAC	pgBoost	ArchR	Signac	Cicero	SCENT	FigR	SCARlink	Kendall	scABC	ABC_distanceToTSS	GTExTissue
imac_cholesterol	/scratch/users/kaybrand/Data/CharacterizationMcGinnis_Dataset4/imac_cholesterol/CharacterizationMcGinnis_Dataset4_imac_cholesterol_scE2G_multiome_powerlaw_v3.e2g.tsv.gz	/scratch/users/kaybrand/Data/CharacterizationMcGinnis_Dataset4/imac_cholesterol/CharacterizationMcGinnis_Dataset4_imac_cholesterol_scE2G_scATAC_powerlaw_v3.e2g.tsv.gz	/scratch/users/kaybrand/Data/CharacterizationMcGinnis_Dataset4/imac_cholesterol/CharacterizationMcGinnis_Dataset4_imac_cholesterol_pgBoost_percentile.e2g.tsv.gz	/scratch/users/kaybrand/Data/CharacterizationMcGinnis_Dataset4/imac_cholesterol/CharacterizationMcGinnis_Dataset4_imac_cholesterol_ArchR_absolute.e2g.tsv.gz	/scratch/users/kaybrand/Data/CharacterizationMcGinnis_Dataset4/imac_cholesterol/CharacterizationMcGinnis_Dataset4_imac_cholesterol_Signac_absolute.e2g.tsv.gz	/scratch/users/kaybrand/Data/CharacterizationMcGinnis_Dataset4/imac_cholesterol/CharacterizationMcGinnis_Dataset4.iMac_cholesterol.Cicero_absolute.e2g.tsv.gz				/oak/stanford/groups/engreitz/Users/kaybrand/scE2G/results/CharacterizationMcGinnis_Dataset4/imac_cholesterol/reformated_ABC_baseline_absolute.e2g.tsv.gz	/oak/stanford/groups/engreitz/Users/kaybrand/scE2G/results/CharacterizationMcGinnis_Dataset4/imac_cholesterol/reformated_ABC_baseline_absolute.e2g.tsv.gz	/oak/stanford/groups/engreitz/Users/kaybrand/scE2G/results/CharacterizationMcGinnis_Dataset4/imac_cholesterol/reformated_ABC_baseline_absolute.e2g.tsv.gz	dendritic,myeloid,blood
imac_unstim	/scratch/users/kaybrand/Data/CharacterizationMcGinnis_Dataset4/imac_unstim/CharacterizationMcGinnis_Dataset4_imac_unstim_scE2G_multiome_powerlaw_v3.e2g.tsv.gz	/scratch/users/kaybrand/Data/CharacterizationMcGinnis_Dataset4/imac_unstim/CharacterizationMcGinnis_Dataset4_imac_unstim_scE2G_scATAC_powerlaw_v3.e2g.tsv.gz	/scratch/users/kaybrand/Data/CharacterizationMcGinnis_Dataset4/imac_unstim/CharacterizationMcGinnis_Dataset4_imac_unstim_pgBoost_percentile.e2g.tsv.gz	/scratch/users/kaybrand/Data/CharacterizationMcGinnis_Dataset4/imac_unstim/CharacterizationMcGinnis_Dataset4_imac_unstim_ArchR_absolute.e2g.tsv.gz	/scratch/users/kaybrand/Data/CharacterizationMcGinnis_Dataset4/imac_unstim/CharacterizationMcGinnis_Dataset4_imac_unstim_Signac_absolute.e2g.tsv.gz	/scratch/users/kaybrand/Data/CharacterizationMcGinnis_Dataset4/imac_unstim/CharacterizationMcGinnis_Dataset4.iMac_unstimulated.Cicero_absolute.e2g.tsv.gz				/oak/stanford/groups/engreitz/Users/kaybrand/scE2G/results/CharacterizationMcGinnis_Dataset4/imac_unstim/reformated_ABC_baseline_absolute.e2g.tsv.gz	/oak/stanford/groups/engreitz/Users/kaybrand/scE2G/results/CharacterizationMcGinnis_Dataset4/imac_unstim/reformated_ABC_baseline_absolute.e2g.tsv.gz	/oak/stanford/groups/engreitz/Users/kaybrand/scE2G/results/CharacterizationMcGinnis_Dataset4/imac_unstim/reformated_ABC_baseline_absolute.e2g.tsv.gz	dendritic,myeloid,blood
imac_precursor	/scratch/users/kaybrand/Data/CharacterizationMcGinnis_Dataset4/imac_precursor/CharacterizationMcGinnis_Dataset4_imac_precursor_scE2G_multiome_powerlaw_v3.e2g.tsv.gz	/scratch/users/kaybrand/Data/CharacterizationMcGinnis_Dataset4/imac_precursor/CharacterizationMcGinnis_Dataset4_imac_precursor_scE2G_scATAC_powerlaw_v3.e2g.tsv.gz	/scratch/users/kaybrand/Data/CharacterizationMcGinnis_Dataset4/imac_precursor/CharacterizationMcGinnis_Dataset4_imac_precursor_pgBoost_percentile.e2g.tsv.gz		/scratch/users/kaybrand/Data/CharacterizationMcGinnis_Dataset4/imac_precursor/CharacterizationMcGinnis_Dataset4_imac_precursor_Signac_absolute.e2g.tsv.gz	/scratch/users/kaybrand/Data/CharacterizationMcGinnis_Dataset4/imac_precursor/CharacterizationMcGinnis_Dataset4.iMac_precursor.Cicero_absolute.e2g.tsv.gz				/oak/stanford/groups/engreitz/Users/kaybrand/scE2G/results/CharacterizationMcGinnis_Dataset4/imac_precursor/reformated_ABC_baseline_absolute.e2g.tsv.gz	/oak/stanford/groups/engreitz/Users/kaybrand/scE2G/results/CharacterizationMcGinnis_Dataset4/imac_precursor/reformated_ABC_baseline_absolute.e2g.tsv.gz	/oak/stanford/groups/engreitz/Users/kaybrand/scE2G/results/CharacterizationMcGinnis_Dataset4/imac_precursor/reformated_ABC_baseline_absolute.e2g.tsv.gz	dendritic,myeloid,blood
imac_m2	/scratch/users/kaybrand/Data/CharacterizationMcGinnis_Dataset4/imac_m2/CharacterizationMcGinnis_Dataset4_imac_m2_scE2G_multiome_powerlaw_v3.e2g.tsv.gz	/scratch/users/kaybrand/Data/CharacterizationMcGinnis_Dataset4/imac_m2/CharacterizationMcGinnis_Dataset4_imac_m2_scE2G_scATAC_powerlaw_v3.e2g.tsv.gz	/scratch/users/kaybrand/Data/CharacterizationMcGinnis_Dataset4/imac_m2/CharacterizationMcGinnis_Dataset4_imac_m2_pgBoost_percentile.e2g.tsv.gz	/scratch/users/kaybrand/Data/CharacterizationMcGinnis_Dataset4/imac_m2/CharacterizationMcGinnis_Dataset4_imac_m2_ArchR_absolute.e2g.tsv.gz	/scratch/users/kaybrand/Data/CharacterizationMcGinnis_Dataset4/imac_m2/CharacterizationMcGinnis_Dataset4_imac_m2_Signac_absolute.e2g.tsv.gz	/scratch/users/kaybrand/Data/CharacterizationMcGinnis_Dataset4/imac_m2/CharacterizationMcGinnis_Dataset4.iMac_M2.Cicero_absolute.e2g.tsv.gz	/scratch/users/kaybrand/Data/CharacterizationMcGinnis_Dataset4/imac_m2/CharacterizationMcGinnis_Dataset4_imac_m2_SCENT.e2g.tsv.gz			/oak/stanford/groups/engreitz/Users/kaybrand/scE2G/results/CharacterizationMcGinnis_Dataset4/imac_m2/reformated_ABC_baseline_absolute.e2g.tsv.gz	/oak/stanford/groups/engreitz/Users/kaybrand/scE2G/results/CharacterizationMcGinnis_Dataset4/imac_m2/reformated_ABC_baseline_absolute.e2g.tsv.gz	/oak/stanford/groups/engreitz/Users/kaybrand/scE2G/results/CharacterizationMcGinnis_Dataset4/imac_m2/reformated_ABC_baseline_absolute.e2g.tsv.gz	dendritic,myeloid,blood
imac_m1	/scratch/users/kaybrand/Data/CharacterizationMcGinnis_Dataset4/imac_m1/CharacterizationMcGinnis_Dataset4_imac_m1_scE2G_multiome_powerlaw_v3.e2g.tsv.gz	/scratch/users/kaybrand/Data/CharacterizationMcGinnis_Dataset4/imac_m1/CharacterizationMcGinnis_Dataset4_imac_m1_scE2G_scATAC_powerlaw_v3.e2g.tsv.gz	/scratch/users/kaybrand/Data/CharacterizationMcGinnis_Dataset4/imac_m1/CharacterizationMcGinnis_Dataset4_imac_m1_pgBoost_percentile.e2g.tsv.gz	/scratch/users/kaybrand/Data/CharacterizationMcGinnis_Dataset4/imac_m1/CharacterizationMcGinnis_Dataset4_imac_m1_ArchR_absolute.e2g.tsv.gz	/scratch/users/kaybrand/Data/CharacterizationMcGinnis_Dataset4/imac_m1/CharacterizationMcGinnis_Dataset4_imac_m1_Signac_absolute.e2g.tsv.gz	/scratch/users/kaybrand/Data/CharacterizationMcGinnis_Dataset4/imac_m1/CharacterizationMcGinnis_Dataset4.iMac_M1.Cicero_absolute.e2g.tsv.gz				/oak/stanford/groups/engreitz/Users/kaybrand/scE2G/results/CharacterizationMcGinnis_Dataset4/imac_m1/reformated_ABC_baseline_absolute.e2g.tsv.gz	/oak/stanford/groups/engreitz/Users/kaybrand/scE2G/results/CharacterizationMcGinnis_Dataset4/imac_m1/reformated_ABC_baseline_absolute.e2g.tsv.gz	/oak/stanford/groups/engreitz/Users/kaybrand/scE2G/results/CharacterizationMcGinnis_Dataset4/imac_m1/reformated_ABC_baseline_absolute.e2g.tsv.gz	dendritic,myeloid,blood
neuron_hon_D20	/scratch/users/kaybrand/Data/CharacterizationMcGinnis_Dataset5/neuron_hon_D20/CharacterizationMcGinnis_Dataset5_neuron_hon_D20_scE2G_multiome_powerlaw_v3.e2g.tsv.gz	/scratch/users/kaybrand/Data/CharacterizationMcGinnis_Dataset5/neuron_hon_D20/CharacterizationMcGinnis_Dataset5_neuron_hon_D20_scE2G_scATAC_powerlaw_v3.e2g.tsv.gz	/scratch/users/kaybrand/Data/CharacterizationMcGinnis_Dataset5/neuron_hon_D20/CharacterizationMcGinnis_Dataset5_neuron_hon_D20_pgBoost_percentile.e2g.tsv.gz	/scratch/users/kaybrand/Data/CharacterizationMcGinnis_Dataset5/neuron_hon_D20/CharacterizationMcGinnis_Dataset5_neuron_hon_D20_ArchR_absolute.e2g.tsv.gz	/scratch/users/kaybrand/Data/CharacterizationMcGinnis_Dataset5/neuron_hon_D20/CharacterizationMcGinnis_Dataset5_neuron_hon_D20_Signac_absolute.e2g.tsv.gz	/scratch/users/kaybrand/Data/CharacterizationMcGinnis_Dataset5/neuron_hon_D20/CharacterizationMcGinnis_Dataset5.Neuron_Hon_t3_d20.Cicero_absolute.e2g.tsv.gz				/oak/stanford/groups/engreitz/Users/kaybrand/scE2G/results/CharacterizationMcGinnis_Dataset5/neuron_hon_D20/reformated_ABC_baseline_absolute.e2g.tsv.gz	/oak/stanford/groups/engreitz/Users/kaybrand/scE2G/results/CharacterizationMcGinnis_Dataset5/neuron_hon_D20/reformated_ABC_baseline_absolute.e2g.tsv.gz	/oak/stanford/groups/engreitz/Users/kaybrand/scE2G/results/CharacterizationMcGinnis_Dataset5/neuron_hon_D20/reformated_ABC_baseline_absolute.e2g.tsv.gz	
neuron_hon_D11	/scratch/users/kaybrand/Data/CharacterizationMcGinnis_Dataset5/neuron_hon_D11/CharacterizationMcGinnis_Dataset5_neuron_hon_D11_scE2G_multiome_powerlaw_v3.e2g.tsv.gz	/scratch/users/kaybrand/Data/CharacterizationMcGinnis_Dataset5/neuron_hon_D11/CharacterizationMcGinnis_Dataset5_neuron_hon_D11_scE2G_scATAC_powerlaw_v3.e2g.tsv.gz	/scratch/users/kaybrand/Data/CharacterizationMcGinnis_Dataset5/neuron_hon_D11/CharacterizationMcGinnis_Dataset5_neuron_hon_D11_pgBoost_percentile.e2g.tsv.gz	/scratch/users/kaybrand/Data/CharacterizationMcGinnis_Dataset5/neuron_hon_D11/CharacterizationMcGinnis_Dataset5_neuron_hon_D11_ArchR_absolute.e2g.tsv.gz	/scratch/users/kaybrand/Data/CharacterizationMcGinnis_Dataset5/neuron_hon_D11/CharacterizationMcGinnis_Dataset5_neuron_hon_D11_Signac_absolute.e2g.tsv.gz	/scratch/users/kaybrand/Data/CharacterizationMcGinnis_Dataset5/neuron_hon_D11/CharacterizationMcGinnis_Dataset5.Neuron_Hon_t2_d11.Cicero_absolute.e2g.tsv.gz				/oak/stanford/groups/engreitz/Users/kaybrand/scE2G/results/CharacterizationMcGinnis_Dataset5/neuron_hon_D11/reformated_ABC_baseline_absolute.e2g.tsv.gz	/oak/stanford/groups/engreitz/Users/kaybrand/scE2G/results/CharacterizationMcGinnis_Dataset5/neuron_hon_D11/reformated_ABC_baseline_absolute.e2g.tsv.gz	/oak/stanford/groups/engreitz/Users/kaybrand/scE2G/results/CharacterizationMcGinnis_Dataset5/neuron_hon_D11/reformated_ABC_baseline_absolute.e2g.tsv.gz	
hek293t	/scratch/users/kaybrand/Data/CharacterizationMcGinnis_Dataset5/hek293t/CharacterizationMcGinnis_Dataset5_hek293t_scE2G_multiome_powerlaw_v3.e2g.tsv.gz	/scratch/users/kaybrand/Data/CharacterizationMcGinnis_Dataset5/hek293t/CharacterizationMcGinnis_Dataset5_hek293t_scE2G_scATAC_powerlaw_v3.e2g.tsv.gz	/scratch/users/kaybrand/Data/CharacterizationMcGinnis_Dataset5/hek293t/CharacterizationMcGinnis_Dataset5_hek293t_pgBoost_percentile.e2g.tsv.gz	/scratch/users/kaybrand/Data/CharacterizationMcGinnis_Dataset5/hek293t/CharacterizationMcGinnis_Dataset5_hek293t_ArchR_absolute.e2g.tsv.gz	/scratch/users/kaybrand/Data/CharacterizationMcGinnis_Dataset5/hek293t/CharacterizationMcGinnis_Dataset5_hek293t_Signac_absolute.e2g.tsv.gz	/scratch/users/kaybrand/Data/CharacterizationMcGinnis_Dataset5/hek293t/CharacterizationMcGinnis_Dataset5.Hek293T.Cicero_absolute.e2g.tsv.gz	/scratch/users/kaybrand/Data/CharacterizationMcGinnis_Dataset5/hek293t/CharacterizationMcGinnis_Dataset5_hek293t_SCENT.e2g.tsv.gz			/oak/stanford/groups/engreitz/Users/kaybrand/scE2G/results/CharacterizationMcGinnis_Dataset5/hek293t/reformated_ABC_baseline_absolute.e2g.tsv.gz	/oak/stanford/groups/engreitz/Users/kaybrand/scE2G/results/CharacterizationMcGinnis_Dataset5/hek293t/reformated_ABC_baseline_absolute.e2g.tsv.gz	/oak/stanford/groups/engreitz/Users/kaybrand/scE2G/results/CharacterizationMcGinnis_Dataset5/hek293t/reformated_ABC_baseline_absolute.e2g.tsv.gz	
gastruloid	/scratch/users/kaybrand/Data/CharacterizationMcGinnis_Dataset5/gastruloid/CharacterizationMcGinnis_Dataset5_gastruloid_scE2G_multiome_powerlaw_v3.e2g.tsv.gz	/scratch/users/kaybrand/Data/CharacterizationMcGinnis_Dataset5/gastruloid/CharacterizationMcGinnis_Dataset5_gastruloid_scE2G_scATAC_powerlaw_v3.e2g.tsv.gz	/scratch/users/kaybrand/Data/CharacterizationMcGinnis_Dataset5/gastruloid/CharacterizationMcGinnis_Dataset5_gastruloid_pgBoost_percentile.e2g.tsv.gz	/scratch/users/kaybrand/Data/CharacterizationMcGinnis_Dataset5/gastruloid/CharacterizationMcGinnis_Dataset5_gastruloid_ArchR_absolute.e2g.tsv.gz	/scratch/users/kaybrand/Data/CharacterizationMcGinnis_Dataset5/gastruloid/CharacterizationMcGinnis_Dataset5_gastruloid_Signac_absolute.e2g.tsv.gz	/scratch/users/kaybrand/Data/CharacterizationMcGinnis_Dataset5/gastruloid/CharacterizationMcGinnis_Dataset5.Gastruloid.Cicero_absolute.e2g.tsv.gz				/oak/stanford/groups/engreitz/Users/kaybrand/scE2G/results/CharacterizationMcGinnis_Dataset5/gastruloid/reformated_ABC_baseline_absolute.e2g.tsv.gz	/oak/stanford/groups/engreitz/Users/kaybrand/scE2G/results/CharacterizationMcGinnis_Dataset5/gastruloid/reformated_ABC_baseline_absolute.e2g.tsv.gz	/oak/stanford/groups/engreitz/Users/kaybrand/scE2G/results/CharacterizationMcGinnis_Dataset5/gastruloid/reformated_ABC_baseline_absolute.e2g.tsv.gz	
neuron_hon_D6	/scratch/users/kaybrand/Data/CharacterizationMcGinnis_Dataset5/neuron_hon_D6/CharacterizationMcGinnis_Dataset5_neuron_hon_D6_scE2G_multiome_powerlaw_v3.e2g.tsv.gz	/scratch/users/kaybrand/Data/CharacterizationMcGinnis_Dataset5/neuron_hon_D6/CharacterizationMcGinnis_Dataset5_neuron_hon_D6_scE2G_scATAC_powerlaw_v3.e2g.tsv.gz	/scratch/users/kaybrand/Data/CharacterizationMcGinnis_Dataset5/neuron_hon_D6/CharacterizationMcGinnis_Dataset5_neuron_hon_D6_pgBoost_percentile.e2g.tsv.gz	/scratch/users/kaybrand/Data/CharacterizationMcGinnis_Dataset5/neuron_hon_D6/CharacterizationMcGinnis_Dataset5_neuron_hon_D6_ArchR_absolute.e2g.tsv.gz	/scratch/users/kaybrand/Data/CharacterizationMcGinnis_Dataset5/neuron_hon_D6/CharacterizationMcGinnis_Dataset5_neuron_hon_D6_Signac_absolute.e2g.tsv.gz	/scratch/users/kaybrand/Data/CharacterizationMcGinnis_Dataset5/neuron_hon_D6/CharacterizationMcGinnis_Dataset5.Neuron_Hon_t1_d6.Cicero_absolute.e2g.tsv.gz				/oak/stanford/groups/engreitz/Users/kaybrand/scE2G/results/CharacterizationMcGinnis_Dataset5/neuron_hon_D6/reformated_ABC_baseline_absolute.e2g.tsv.gz	/oak/stanford/groups/engreitz/Users/kaybrand/scE2G/results/CharacterizationMcGinnis_Dataset5/neuron_hon_D6/reformated_ABC_baseline_absolute.e2g.tsv.gz	/oak/stanford/groups/engreitz/Users/kaybrand/scE2G/results/CharacterizationMcGinnis_Dataset5/neuron_hon_D6/reformated_ABC_baseline_absolute.e2g.tsv.gz	
neuron_ngn2	/scratch/users/kaybrand/Data/CharacterizationMcGinnis_Dataset5/neuron_ngn2/CharacterizationMcGinnis_Dataset5_neuron_ngn2_scE2G_multiome_powerlaw_v3.e2g.tsv.gz	/scratch/users/kaybrand/Data/CharacterizationMcGinnis_Dataset5/neuron_ngn2/CharacterizationMcGinnis_Dataset5_neuron_ngn2_scE2G_scATAC_powerlaw_v3.e2g.tsv.gz	/scratch/users/kaybrand/Data/CharacterizationMcGinnis_Dataset5/neuron_ngn2/CharacterizationMcGinnis_Dataset5_neuron_ngn2_pgBoost_percentile.e2g.tsv.gz	/scratch/users/kaybrand/Data/CharacterizationMcGinnis_Dataset5/neuron_ngn2/CharacterizationMcGinnis_Dataset5_neuron_ngn2_ArchR_absolute.e2g.tsv.gz	/scratch/users/kaybrand/Data/CharacterizationMcGinnis_Dataset5/neuron_ngn2/CharacterizationMcGinnis_Dataset5_neuron_ngn2_Signac_absolute.e2g.tsv.gz	/scratch/users/kaybrand/Data/CharacterizationMcGinnis_Dataset5/neuron_ngn2/CharacterizationMcGinnis_Dataset5.Neuron_NGN2.Cicero_absolute.e2g.tsv.gz	/scratch/users/kaybrand/Data/CharacterizationMcGinnis_Dataset5/neuron_ngn2/CharacterizationMcGinnis_Dataset5_neuron_ngn2_SCENT.e2g.tsv.gz			/oak/stanford/groups/engreitz/Users/kaybrand/scE2G/results/CharacterizationMcGinnis_Dataset5/neuron_ngn2/reformated_ABC_baseline_absolute.e2g.tsv.gz	/oak/stanford/groups/engreitz/Users/kaybrand/scE2G/results/CharacterizationMcGinnis_Dataset5/neuron_ngn2/reformated_ABC_baseline_absolute.e2g.tsv.gz	/oak/stanford/groups/engreitz/Users/kaybrand/scE2G/results/CharacterizationMcGinnis_Dataset5/neuron_ngn2/reformated_ABC_baseline_absolute.e2g.tsv.gz	
K562_multiome	/scratch/users/kaybrand/Data/K562_ERR9847049_Multiome/K562_multiome/K562_ERR9847049_Multiome_K562_multiome_scE2G_multiome_powerlaw_v3.e2g.tsv.gz	/scratch/users/kaybrand/Data/K562_ERR9847049_Multiome/K562_multiome/K562_ERR9847049_Multiome_K562_multiome_scE2G_scATAC_powerlaw_v3.e2g.tsv.gz	/scratch/users/kaybrand/Data/K562_ERR9847049_Multiome/K562_multiome/K562_ERR9847049_Multiome_K562_pgBoost_percentile.e2g.tsv.gz	/scratch/users/kaybrand/Data/K562_ERR9847049_Multiome/K562_multiome/K562_ERR9847049_Multiome_K562_ArchR_absolute.e2g.tsv.gz	/scratch/users/kaybrand/Data/K562_ERR9847049_Multiome/K562_multiome/K562_ERR9847049_Multiome_K562_Signac_absolute.e2g.tsv.gz	/scratch/users/kaybrand/Data/K562_ERR9847049_Multiome/K562_multiome/K562_ERR9847049_Multiome_K562_Cicero_absolute.e2g.tsv.gz	/scratch/users/kaybrand/Data/K562_ERR9847049_Multiome/K562_multiome/K562_ERR9847049_Multiome_K562_SCENT.e2g.tsv.gz			/oak/stanford/groups/engreitz/Users/kaybrand/scE2G/results/K562_ERR9847049_Multiome/K562_multiome/reformated_ABC_baseline_absolute.e2g.tsv.gz	/oak/stanford/groups/engreitz/Users/kaybrand/scE2G/results/K562_ERR9847049_Multiome/K562_multiome/reformated_ABC_baseline_absolute.e2g.tsv.gz	/oak/stanford/groups/engreitz/Users/kaybrand/scE2G/results/K562_ERR9847049_Multiome/K562_multiome/reformated_ABC_baseline_absolute.e2g.tsv.gz	
HAP1	/scratch/users/kaybrand/Data/CharacterizationMcGinnis_Dataset1/HAP1/CharacterizationMcGinnis_Dataset1_HAP1_scE2G_multiome_powerlaw_v3.e2g.tsv.gz	/scratch/users/kaybrand/Data/CharacterizationMcGinnis_Dataset1/HAP1/CharacterizationMcGinnis_Dataset1_HAP1_scE2G_scATAC_powerlaw_v3.e2g.tsv.gz	/scratch/users/kaybrand/Data/CharacterizationMcGinnis_Dataset1/HAP1/CharacterizationMcGinnis_Dataset1_HAP1_pgBoost_percentile.e2g.tsv.gz	/scratch/users/kaybrand/Data/CharacterizationMcGinnis_Dataset1/HAP1/CharacterizationMcGinnis_Dataset1_HAP1_ArchR_absolute.e2g.tsv.gz	/scratch/users/kaybrand/Data/CharacterizationMcGinnis_Dataset1/HAP1/CharacterizationMcGinnis_Dataset1_HAP1_Signac_absolute.e2g.tsv.gz	/scratch/users/kaybrand/Data/CharacterizationMcGinnis_Dataset1/HAP1/CharacterizationMcGinnis_Dataset1.HAP1.Cicero_absolute.e2g.tsv.gz	/scratch/users/kaybrand/Data/CharacterizationMcGinnis_Dataset1/HAP1/CharacterizationMcGinnis_Dataset1_HAP1_SCENT.e2g.tsv.gz			/oak/stanford/groups/engreitz/Users/kaybrand/scE2G/results/CharacterizationMcGinnis_Dataset1/HAP1/reformated_ABC_baseline_absolute.e2g.tsv.gz	/oak/stanford/groups/engreitz/Users/kaybrand/scE2G/results/CharacterizationMcGinnis_Dataset1/HAP1/reformated_ABC_baseline_absolute.e2g.tsv.gz	/oak/stanford/groups/engreitz/Users/kaybrand/scE2G/results/CharacterizationMcGinnis_Dataset1/HAP1/reformated_ABC_baseline_absolute.e2g.tsv.gz	
K562	/scratch/users/kaybrand/Data/CharacterizationMcGinnis_Dataset1/K562/CharacterizationMcGinnis_Dataset1_K562_scE2G_multiome_powerlaw_v3.e2g.tsv.gz	/scratch/users/kaybrand/Data/CharacterizationMcGinnis_Dataset1/K562/CharacterizationMcGinnis_Dataset1_K562_scE2G_scATAC_powerlaw_v3.e2g.tsv.gz	/scratch/users/kaybrand/Data/CharacterizationMcGinnis_Dataset1/K562/CharacterizationMcGinnis_Dataset1_K562_pgBoost_percentile.e2g.tsv.gz	/scratch/users/kaybrand/Data/CharacterizationMcGinnis_Dataset1/K562/CharacterizationMcGinnis_Dataset1_K562_ArchR_absolute.e2g.tsv.gz	/scratch/users/kaybrand/Data/CharacterizationMcGinnis_Dataset1/K562/CharacterizationMcGinnis_Dataset1_K562_Signac_absolute.e2g.tsv.gz	/scratch/users/kaybrand/Data/CharacterizationMcGinnis_Dataset1/K562/CharacterizationMcGinnis_Dataset1.K562.Cicero_absolute.e2g.tsv.gz	/scratch/users/kaybrand/Data/CharacterizationMcGinnis_Dataset1/K562/CharacterizationMcGinnis_Dataset1_K562_SCENT.e2g.tsv.gz			/oak/stanford/groups/engreitz/Users/kaybrand/scE2G/results/CharacterizationMcGinnis_Dataset1/K562/reformated_ABC_baseline_absolute.e2g.tsv.gz	/oak/stanford/groups/engreitz/Users/kaybrand/scE2G/results/CharacterizationMcGinnis_Dataset1/K562/reformated_ABC_baseline_absolute.e2g.tsv.gz	/oak/stanford/groups/engreitz/Users/kaybrand/scE2G/results/CharacterizationMcGinnis_Dataset1/K562/reformated_ABC_baseline_absolute.e2g.tsv.gz	
HL60	/scratch/users/kaybrand/Data/CharacterizationMcGinnis_Dataset1/HL60/CharacterizationMcGinnis_Dataset1_HL60_scE2G_multiome_powerlaw_v3.e2g.tsv.gz	/scratch/users/kaybrand/Data/CharacterizationMcGinnis_Dataset1/HL60/CharacterizationMcGinnis_Dataset1_HL60_scE2G_scATAC_powerlaw_v3.e2g.tsv.gz	/scratch/users/kaybrand/Data/CharacterizationMcGinnis_Dataset1/HL60/CharacterizationMcGinnis_Dataset1_HL60_pgBoost_percentile.e2g.tsv.gz	/scratch/users/kaybrand/Data/CharacterizationMcGinnis_Dataset1/HL60/CharacterizationMcGinnis_Dataset1_HL60_ArchR_absolute.e2g.tsv.gz	/scratch/users/kaybrand/Data/CharacterizationMcGinnis_Dataset1/HL60/CharacterizationMcGinnis_Dataset1_HL60_Signac_absolute.e2g.tsv.gz	/scratch/users/kaybrand/Data/CharacterizationMcGinnis_Dataset1/HL60/CharacterizationMcGinnis_Dataset1.HL60.Cicero_absolute.e2g.tsv.gz	/scratch/users/kaybrand/Data/CharacterizationMcGinnis_Dataset1/HL60/CharacterizationMcGinnis_Dataset1_HL60_SCENT.e2g.tsv.gz			/oak/stanford/groups/engreitz/Users/kaybrand/scE2G/results/CharacterizationMcGinnis_Dataset1/HL60/reformated_ABC_baseline_absolute.e2g.tsv.gz	/oak/stanford/groups/engreitz/Users/kaybrand/scE2G/results/CharacterizationMcGinnis_Dataset1/HL60/reformated_ABC_baseline_absolute.e2g.tsv.gz	/oak/stanford/groups/engreitz/Users/kaybrand/scE2G/results/CharacterizationMcGinnis_Dataset1/HL60/reformated_ABC_baseline_absolute.e2g.tsv.gz	dendritic,myeloid,blood
HUDEP2	/scratch/users/kaybrand/Data/CharacterizationMcGinnis_Dataset1/HUDEP2/CharacterizationMcGinnis_Dataset1_HUDEP2_scE2G_multiome_powerlaw_v3.e2g.tsv.gz	/scratch/users/kaybrand/Data/CharacterizationMcGinnis_Dataset1/HUDEP2/CharacterizationMcGinnis_Dataset1_HUDEP2_scE2G_scATAC_powerlaw_v3.e2g.tsv.gz	/scratch/users/kaybrand/Data/CharacterizationMcGinnis_Dataset1/HUDEP2/CharacterizationMcGinnis_Dataset1_HUDEP2_pgBoost_percentile.e2g.tsv.gz	/scratch/users/kaybrand/Data/CharacterizationMcGinnis_Dataset1/HUDEP2/CharacterizationMcGinnis_Dataset1_HUDEP2_ArchR_absolute.e2g.tsv.gz	/scratch/users/kaybrand/Data/CharacterizationMcGinnis_Dataset1/HUDEP2/CharacterizationMcGinnis_Dataset1_HUDEP2_Signac_absolute.e2g.tsv.gz	/scratch/users/kaybrand/Data/CharacterizationMcGinnis_Dataset1/HUDEP2/CharacterizationMcGinnis_Dataset1.HUDEP2.Cicero_absolute.e2g.tsv.gz	/scratch/users/kaybrand/Data/CharacterizationMcGinnis_Dataset1/HUDEP2/CharacterizationMcGinnis_Dataset1_HUDEP2_SCENT.e2g.tsv.gz			/oak/stanford/groups/engreitz/Users/kaybrand/scE2G/results/CharacterizationMcGinnis_Dataset1/HUDEP2/reformated_ABC_baseline_absolute.e2g.tsv.gz	/oak/stanford/groups/engreitz/Users/kaybrand/scE2G/results/CharacterizationMcGinnis_Dataset1/HUDEP2/reformated_ABC_baseline_absolute.e2g.tsv.gz	/oak/stanford/groups/engreitz/Users/kaybrand/scE2G/results/CharacterizationMcGinnis_Dataset1/HUDEP2/reformated_ABC_baseline_absolute.e2g.tsv.gz	
U2OS	/scratch/users/kaybrand/Data/CharacterizationMcGinnis_Dataset1/U2OS/CharacterizationMcGinnis_Dataset1_U2OS_scE2G_multiome_powerlaw_v3.e2g.tsv.gz	/scratch/users/kaybrand/Data/CharacterizationMcGinnis_Dataset1/U2OS/CharacterizationMcGinnis_Dataset1_U2OS_scE2G_scATAC_powerlaw_v3.e2g.tsv.gz	/scratch/users/kaybrand/Data/CharacterizationMcGinnis_Dataset1/U2OS/CharacterizationMcGinnis_Dataset1_U2OS_pgBoost_percentile.e2g.tsv.gz	/scratch/users/kaybrand/Data/CharacterizationMcGinnis_Dataset1/U2OS/CharacterizationMcGinnis_Dataset1_U2OS_ArchR_absolute.e2g.tsv.gz	/scratch/users/kaybrand/Data/CharacterizationMcGinnis_Dataset1/U2OS/CharacterizationMcGinnis_Dataset1_U2OS_Signac_absolute.e2g.tsv.gz	/scratch/users/kaybrand/Data/CharacterizationMcGinnis_Dataset1/U2OS/CharacterizationMcGinnis_Dataset1.U2OS.Cicero_absolute.e2g.tsv.gz	/scratch/users/kaybrand/Data/CharacterizationMcGinnis_Dataset1/U2OS/CharacterizationMcGinnis_Dataset1_U2OS_SCENT.e2g.tsv.gz			/oak/stanford/groups/engreitz/Users/kaybrand/scE2G/results/CharacterizationMcGinnis_Dataset1/U2OS/reformated_ABC_baseline_absolute.e2g.tsv.gz	/oak/stanford/groups/engreitz/Users/kaybrand/scE2G/results/CharacterizationMcGinnis_Dataset1/U2OS/reformated_ABC_baseline_absolute.e2g.tsv.gz	/oak/stanford/groups/engreitz/Users/kaybrand/scE2G/results/CharacterizationMcGinnis_Dataset1/U2OS/reformated_ABC_baseline_absolute.e2g.tsv.gz	
THP1	/scratch/users/kaybrand/Data/CharacterizationMcGinnis_Dataset10/THP1/CharacterizationMcGinnis_Dataset10_THP1_scE2G_multiome_powerlaw_v3.e2g.tsv.gz	/scratch/users/kaybrand/Data/CharacterizationMcGinnis_Dataset10/THP1/CharacterizationMcGinnis_Dataset10_THP1_scE2G_scATAC_powerlaw_v3.e2g.tsv.gz	/scratch/users/kaybrand/Data/CharacterizationMcGinnis_Dataset10/THP1/CharacterizationMcGinnis_Dataset10_THP1_pgBoost_percentile.e2g.tsv.gz	/scratch/users/kaybrand/Data/CharacterizationMcGinnis_Dataset10/THP1/CharacterizationMcGinnis_Dataset10_THP1_ArchR_absolute.e2g.tsv.gz	/scratch/users/kaybrand/Data/CharacterizationMcGinnis_Dataset10/THP1/CharacterizationMcGinnis_Dataset10_THP1_Signac_absolute.e2g.tsv.gz	/scratch/users/kaybrand/Data/CharacterizationMcGinnis_Dataset10/THP1/CharacterizationMcGinnis_Dataset10.THP1.Cicero_absolute.e2g.tsv.gz	/scratch/users/kaybrand/Data/CharacterizationMcGinnis_Dataset10/THP1/CharacterizationMcGinnis_Dataset10_THP1_SCENT.e2g.tsv.gz			/oak/stanford/groups/engreitz/Users/kaybrand/scE2G/results/CharacterizationMcGinnis_Dataset10/THP1/reformated_ABC_baseline_absolute.e2g.tsv.gz	/oak/stanford/groups/engreitz/Users/kaybrand/scE2G/results/CharacterizationMcGinnis_Dataset10/THP1/reformated_ABC_baseline_absolute.e2g.tsv.gz	/oak/stanford/groups/engreitz/Users/kaybrand/scE2G/results/CharacterizationMcGinnis_Dataset10/THP1/reformated_ABC_baseline_absolute.e2g.tsv.gz	dendritic,myeloid,blood
K562-CRISPRi	/scratch/users/kaybrand/Data/CharacterizationMcGinnis_Dataset10/K562-CRISPRi/CharacterizationMcGinnis_Dataset10_K562-CRISPRi_scE2G_multiome_powerlaw_v3.e2g.tsv.gz	/scratch/users/kaybrand/Data/CharacterizationMcGinnis_Dataset10/K562-CRISPRi/CharacterizationMcGinnis_Dataset10_K562-CRISPRi_scE2G_scATAC_powerlaw_v3.e2g.tsv.gz	/scratch/users/kaybrand/Data/CharacterizationMcGinnis_Dataset10/K562-CRISPRi/CharacterizationMcGinnis_Dataset10_K562-CRISPRi_pgBoost_percentile.e2g.tsv.gz	/scratch/users/kaybrand/Data/CharacterizationMcGinnis_Dataset10/K562-CRISPRi/CharacterizationMcGinnis_Dataset10_K562-CRISPRi_ArchR_absolute.e2g.tsv.gz	/scratch/users/kaybrand/Data/CharacterizationMcGinnis_Dataset10/K562-CRISPRi/CharacterizationMcGinnis_Dataset10_K562-CRISPRi_Signac_absolute.e2g.tsv.gz	/scratch/users/kaybrand/Data/CharacterizationMcGinnis_Dataset10/K562-CRISPRi/CharacterizationMcGinnis_Dataset10.K562-CRISPRi.Cicero_absolute.e2g.tsv.gz	/scratch/users/kaybrand/Data/CharacterizationMcGinnis_Dataset10/K562-CRISPRi/CharacterizationMcGinnis_Dataset10_K562-CRISPRi_SCENT.e2g.tsv.gz			/oak/stanford/groups/engreitz/Users/kaybrand/scE2G/results/CharacterizationMcGinnis_Dataset10/K562-CRISPRi/reformated_ABC_baseline_absolute.e2g.tsv.gz	/oak/stanford/groups/engreitz/Users/kaybrand/scE2G/results/CharacterizationMcGinnis_Dataset10/K562-CRISPRi/reformated_ABC_baseline_absolute.e2g.tsv.gz	/oak/stanford/groups/engreitz/Users/kaybrand/scE2G/results/CharacterizationMcGinnis_Dataset10/K562-CRISPRi/reformated_ABC_baseline_absolute.e2g.tsv.gz	
Jurkat_Stim	/scratch/users/kaybrand/Data/CharacterizationMcGinnis_Dataset10/Jurkat_Stim/CharacterizationMcGinnis_Dataset10_Jurkat_Stim_scE2G_multiome_powerlaw_v3.e2g.tsv.gz	/scratch/users/kaybrand/Data/CharacterizationMcGinnis_Dataset10/Jurkat_Stim/CharacterizationMcGinnis_Dataset10_Jurkat_Stim_scE2G_scATAC_powerlaw_v3.e2g.tsv.gz	/scratch/users/kaybrand/Data/CharacterizationMcGinnis_Dataset10/Jurkat_Stim/CharacterizationMcGinnis_Dataset10_Jurkat_Stim_pgBoost_percentile.e2g.tsv.gz	/scratch/users/kaybrand/Data/CharacterizationMcGinnis_Dataset10/Jurkat_Stim/CharacterizationMcGinnis_Dataset10_Jurkat_Stim_ArchR_absolute.e2g.tsv.gz	/scratch/users/kaybrand/Data/CharacterizationMcGinnis_Dataset10/Jurkat_Stim/CharacterizationMcGinnis_Dataset10_Jurkat_Stim_Signac_absolute.e2g.tsv.gz	/scratch/users/kaybrand/Data/CharacterizationMcGinnis_Dataset10/Jurkat_Stim/CharacterizationMcGinnis_Dataset10.Jurkat_stim.Cicero_absolute.e2g.tsv.gz	/scratch/users/kaybrand/Data/CharacterizationMcGinnis_Dataset10/Jurkat_Stim/CharacterizationMcGinnis_Dataset10_Jurkat_Stim_SCENT.e2g.tsv.gz			/oak/stanford/groups/engreitz/Users/kaybrand/scE2G/results/CharacterizationMcGinnis_Dataset10/Jurkat_Stim/reformated_ABC_baseline_absolute.e2g.tsv.gz	/oak/stanford/groups/engreitz/Users/kaybrand/scE2G/results/CharacterizationMcGinnis_Dataset10/Jurkat_Stim/reformated_ABC_baseline_absolute.e2g.tsv.gz	/oak/stanford/groups/engreitz/Users/kaybrand/scE2G/results/CharacterizationMcGinnis_Dataset10/Jurkat_Stim/reformated_ABC_baseline_absolute.e2g.tsv.gz	
TeloHAEC-CRISPRi	/scratch/users/kaybrand/Data/CharacterizationMcGinnis_Dataset10/TeloHAEC-CRISPRi/CharacterizationMcGinnis_Dataset10_TeloHAEC-CRISPRi_scE2G_multiome_powerlaw_v3.e2g.tsv.gz	/scratch/users/kaybrand/Data/CharacterizationMcGinnis_Dataset10/TeloHAEC-CRISPRi/CharacterizationMcGinnis_Dataset10_TeloHAEC-CRISPRi_scE2G_scATAC_powerlaw_v3.e2g.tsv.gz	/scratch/users/kaybrand/Data/CharacterizationMcGinnis_Dataset10/TeloHAEC-CRISPRi/CharacterizationMcGinnis_Dataset10_TeloHAEC-CRISPRi_pgBoost_percentile.e2g.tsv.gz	/scratch/users/kaybrand/Data/CharacterizationMcGinnis_Dataset10/TeloHAEC-CRISPRi/CharacterizationMcGinnis_Dataset10_TeloHAEC-CRISPRi_ArchR_absolute.e2g.tsv.gz	/scratch/users/kaybrand/Data/CharacterizationMcGinnis_Dataset10/TeloHAEC-CRISPRi/CharacterizationMcGinnis_Dataset10_TeloHAEC-CRISPRi_Signac_absolute.e2g.tsv.gz	/scratch/users/kaybrand/Data/CharacterizationMcGinnis_Dataset10/TeloHAEC-CRISPRi/CharacterizationMcGinnis_Dataset10.TeloHAEC-CRISPRi.Cicero_absolute.e2g.tsv.gz	/scratch/users/kaybrand/Data/CharacterizationMcGinnis_Dataset10/TeloHAEC-CRISPRi/CharacterizationMcGinnis_Dataset10_TeloHAEC-CRISPRi_SCENT.e2g.tsv.gz			/oak/stanford/groups/engreitz/Users/kaybrand/scE2G/results/CharacterizationMcGinnis_Dataset10/TeloHAEC-CRISPRi/reformated_ABC_baseline_absolute.e2g.tsv.gz	/oak/stanford/groups/engreitz/Users/kaybrand/scE2G/results/CharacterizationMcGinnis_Dataset10/TeloHAEC-CRISPRi/reformated_ABC_baseline_absolute.e2g.tsv.gz	/oak/stanford/groups/engreitz/Users/kaybrand/scE2G/results/CharacterizationMcGinnis_Dataset10/TeloHAEC-CRISPRi/reformated_ABC_baseline_absolute.e2g.tsv.gz	
Jurkat	/scratch/users/kaybrand/Data/CharacterizationMcGinnis_Dataset10/Jurkat/CharacterizationMcGinnis_Dataset10_Jurkat_scE2G_multiome_powerlaw_v3.e2g.tsv.gz	/scratch/users/kaybrand/Data/CharacterizationMcGinnis_Dataset10/Jurkat/CharacterizationMcGinnis_Dataset10_Jurkat_scE2G_scATAC_powerlaw_v3.e2g.tsv.gz	/scratch/users/kaybrand/Data/CharacterizationMcGinnis_Dataset10/Jurkat/CharacterizationMcGinnis_Dataset10_Jurkat_pgBoost_percentile.e2g.tsv.gz	/scratch/users/kaybrand/Data/CharacterizationMcGinnis_Dataset10/Jurkat/CharacterizationMcGinnis_Dataset10_Jurkat_ArchR_absolute.e2g.tsv.gz	/scratch/users/kaybrand/Data/CharacterizationMcGinnis_Dataset10/Jurkat/CharacterizationMcGinnis_Dataset10_Jurkat_Signac_absolute.e2g.tsv.gz	/scratch/users/kaybrand/Data/CharacterizationMcGinnis_Dataset10/Jurkat/CharacterizationMcGinnis_Dataset10.Jurkat.Cicero_absolute.e2g.tsv.gz	/scratch/users/kaybrand/Data/CharacterizationMcGinnis_Dataset10/Jurkat/CharacterizationMcGinnis_Dataset10_Jurkat_SCENT.e2g.tsv.gz			/oak/stanford/groups/engreitz/Users/kaybrand/scE2G/results/CharacterizationMcGinnis_Dataset10/Jurkat/reformated_ABC_baseline_absolute.e2g.tsv.gz	/oak/stanford/groups/engreitz/Users/kaybrand/scE2G/results/CharacterizationMcGinnis_Dataset10/Jurkat/reformated_ABC_baseline_absolute.e2g.tsv.gz	/oak/stanford/groups/engreitz/Users/kaybrand/scE2G/results/CharacterizationMcGinnis_Dataset10/Jurkat/reformated_ABC_baseline_absolute.e2g.tsv.gz	
D3	/scratch/users/kaybrand/Data/CharacterizationMcGinnis_Dataset9/D3/CharacterizationMcGinnis_Dataset9_D3_scE2G_multiome_powerlaw_v3.e2g.tsv.gz	/scratch/users/kaybrand/Data/CharacterizationMcGinnis_Dataset9/D3/CharacterizationMcGinnis_Dataset9_D3_scE2G_scATAC_powerlaw_v3.e2g.tsv.gz	/scratch/users/kaybrand/Data/CharacterizationMcGinnis_Dataset9/D3/CharacterizationMcGinnis_Dataset9_D3_pgBoost_percentile.e2g.tsv.gz	/scratch/users/kaybrand/Data/CharacterizationMcGinnis_Dataset9/D3/CharacterizationMcGinnis_Dataset9_D3_ArchR_absolute.e2g.tsv.gz	/scratch/users/kaybrand/Data/CharacterizationMcGinnis_Dataset9/D3/CharacterizationMcGinnis_Dataset9_D3_Signac_absolute.e2g.tsv.gz					/oak/stanford/groups/engreitz/Users/kaybrand/scE2G/results/CharacterizationMcGinnis_Dataset9/D3/reformated_ABC_baseline_absolute.e2g.tsv.gz	/oak/stanford/groups/engreitz/Users/kaybrand/scE2G/results/CharacterizationMcGinnis_Dataset9/D3/reformated_ABC_baseline_absolute.e2g.tsv.gz	/oak/stanford/groups/engreitz/Users/kaybrand/scE2G/results/CharacterizationMcGinnis_Dataset9/D3/reformated_ABC_baseline_absolute.e2g.tsv.gz	
D1	/scratch/users/kaybrand/Data/CharacterizationMcGinnis_Dataset9/D1/CharacterizationMcGinnis_Dataset9_D1_scE2G_multiome_powerlaw_v3.e2g.tsv.gz	/scratch/users/kaybrand/Data/CharacterizationMcGinnis_Dataset9/D1/CharacterizationMcGinnis_Dataset9_D1_scE2G_scATAC_powerlaw_v3.e2g.tsv.gz	/scratch/users/kaybrand/Data/CharacterizationMcGinnis_Dataset9/D1/CharacterizationMcGinnis_Dataset9_D1_pgBoost_percentile.e2g.tsv.gz	/scratch/users/kaybrand/Data/CharacterizationMcGinnis_Dataset9/D1/CharacterizationMcGinnis_Dataset9_D1_ArchR_absolute.e2g.tsv.gz	/scratch/users/kaybrand/Data/CharacterizationMcGinnis_Dataset9/D1/CharacterizationMcGinnis_Dataset9_D1_Signac_absolute.e2g.tsv.gz		/scratch/users/kaybrand/Data/CharacterizationMcGinnis_Dataset9/D1/CharacterizationMcGinnis_Dataset9_D1_SCENT.e2g.tsv.gz			/oak/stanford/groups/engreitz/Users/kaybrand/scE2G/results/CharacterizationMcGinnis_Dataset9/D1/reformated_ABC_baseline_absolute.e2g.tsv.gz	/oak/stanford/groups/engreitz/Users/kaybrand/scE2G/results/CharacterizationMcGinnis_Dataset9/D1/reformated_ABC_baseline_absolute.e2g.tsv.gz	/oak/stanford/groups/engreitz/Users/kaybrand/scE2G/results/CharacterizationMcGinnis_Dataset9/D1/reformated_ABC_baseline_absolute.e2g.tsv.gz	LCL
D0	/scratch/users/kaybrand/Data/CharacterizationMcGinnis_Dataset9/D0/CharacterizationMcGinnis_Dataset9_D0_scE2G_multiome_powerlaw_v3.e2g.tsv.gz	/scratch/users/kaybrand/Data/CharacterizationMcGinnis_Dataset9/D0/CharacterizationMcGinnis_Dataset9_D0_scE2G_scATAC_powerlaw_v3.e2g.tsv.gz								/oak/stanford/groups/engreitz/Users/kaybrand/scE2G/results/CharacterizationMcGinnis_Dataset9/D0/reformated_ABC_baseline_absolute.e2g.tsv.gz	/oak/stanford/groups/engreitz/Users/kaybrand/scE2G/results/CharacterizationMcGinnis_Dataset9/D0/reformated_ABC_baseline_absolute.e2g.tsv.gz	/oak/stanford/groups/engreitz/Users/kaybrand/scE2G/results/CharacterizationMcGinnis_Dataset9/D0/reformated_ABC_baseline_absolute.e2g.tsv.gz	
D2	/scratch/users/kaybrand/Data/CharacterizationMcGinnis_Dataset9/D2/CharacterizationMcGinnis_Dataset9_D2_scE2G_multiome_powerlaw_v3.e2g.tsv.gz	/scratch/users/kaybrand/Data/CharacterizationMcGinnis_Dataset9/D2/CharacterizationMcGinnis_Dataset9_D2_scE2G_scATAC_powerlaw_v3.e2g.tsv.gz	/scratch/users/kaybrand/Data/CharacterizationMcGinnis_Dataset9/D2/CharacterizationMcGinnis_Dataset9_D2_pgBoost_percentile.e2g.tsv.gz	/scratch/users/kaybrand/Data/CharacterizationMcGinnis_Dataset9/D2/CharacterizationMcGinnis_Dataset9_D2_ArchR_absolute.e2g.tsv.gz	/scratch/users/kaybrand/Data/CharacterizationMcGinnis_Dataset9/D2/CharacterizationMcGinnis_Dataset9_D2_Signac_absolute.e2g.tsv.gz		/scratch/users/kaybrand/Data/CharacterizationMcGinnis_Dataset9/D2/CharacterizationMcGinnis_Dataset9_D2_SCENT.e2g.tsv.gz			/oak/stanford/groups/engreitz/Users/kaybrand/scE2G/results/CharacterizationMcGinnis_Dataset9/D2/reformated_ABC_baseline_absolute.e2g.tsv.gz	/oak/stanford/groups/engreitz/Users/kaybrand/scE2G/results/CharacterizationMcGinnis_Dataset9/D2/reformated_ABC_baseline_absolute.e2g.tsv.gz	/oak/stanford/groups/engreitz/Users/kaybrand/scE2G/results/CharacterizationMcGinnis_Dataset9/D2/reformated_ABC_baseline_absolute.e2g.tsv.gz	
D6	/scratch/users/kaybrand/Data/CharacterizationMcGinnis_Dataset9/D6/CharacterizationMcGinnis_Dataset9_D6_scE2G_multiome_powerlaw_v3.e2g.tsv.gz	/scratch/users/kaybrand/Data/CharacterizationMcGinnis_Dataset9/D6/CharacterizationMcGinnis_Dataset9_D6_scE2G_scATAC_powerlaw_v3.e2g.tsv.gz	/scratch/users/kaybrand/Data/CharacterizationMcGinnis_Dataset9/D6/CharacterizationMcGinnis_Dataset9_D6_pgBoost_percentile.e2g.tsv.gz	/scratch/users/kaybrand/Data/CharacterizationMcGinnis_Dataset9/D6/CharacterizationMcGinnis_Dataset9_D6_ArchR_absolute.e2g.tsv.gz	/scratch/users/kaybrand/Data/CharacterizationMcGinnis_Dataset9/D6/CharacterizationMcGinnis_Dataset9_D6_Signac_absolute.e2g.tsv.gz		/scratch/users/kaybrand/Data/CharacterizationMcGinnis_Dataset9/D6/CharacterizationMcGinnis_Dataset9_D6_SCENT.e2g.tsv.gz			/oak/stanford/groups/engreitz/Users/kaybrand/scE2G/results/CharacterizationMcGinnis_Dataset9/D6/reformated_ABC_baseline_absolute.e2g.tsv.gz	/oak/stanford/groups/engreitz/Users/kaybrand/scE2G/results/CharacterizationMcGinnis_Dataset9/D6/reformated_ABC_baseline_absolute.e2g.tsv.gz	/oak/stanford/groups/engreitz/Users/kaybrand/scE2G/results/CharacterizationMcGinnis_Dataset9/D6/reformated_ABC_baseline_absolute.e2g.tsv.gz	
D5	/scratch/users/kaybrand/Data/CharacterizationMcGinnis_Dataset9/D5/CharacterizationMcGinnis_Dataset9_D5_scE2G_multiome_powerlaw_v3.e2g.tsv.gz	/scratch/users/kaybrand/Data/CharacterizationMcGinnis_Dataset9/D5/CharacterizationMcGinnis_Dataset9_D5_scE2G_scATAC_powerlaw_v3.e2g.tsv.gz	/scratch/users/kaybrand/Data/CharacterizationMcGinnis_Dataset9/D5/CharacterizationMcGinnis_Dataset9_D5_pgBoost_percentile.e2g.tsv.gz	/scratch/users/kaybrand/Data/CharacterizationMcGinnis_Dataset9/D5/CharacterizationMcGinnis_Dataset9_D5_ArchR_absolute.e2g.tsv.gz	/scratch/users/kaybrand/Data/CharacterizationMcGinnis_Dataset9/D5/CharacterizationMcGinnis_Dataset9_D5_Signac_absolute.e2g.tsv.gz					/oak/stanford/groups/engreitz/Users/kaybrand/scE2G/results/CharacterizationMcGinnis_Dataset9/D5/reformated_ABC_baseline_absolute.e2g.tsv.gz	/oak/stanford/groups/engreitz/Users/kaybrand/scE2G/results/CharacterizationMcGinnis_Dataset9/D5/reformated_ABC_baseline_absolute.e2g.tsv.gz	/oak/stanford/groups/engreitz/Users/kaybrand/scE2G/results/CharacterizationMcGinnis_Dataset9/D5/reformated_ABC_baseline_absolute.e2g.tsv.gz	
S5_2D3D	/scratch/users/kaybrand/Data/CharacterizationMcGinnis_Dataset6/S5_2D3D/CharacterizationMcGinnis_Dataset6_S5_2D3D_scE2G_multiome_powerlaw_v3.e2g.tsv.gz	/scratch/users/kaybrand/Data/CharacterizationMcGinnis_Dataset6/S5_2D3D/CharacterizationMcGinnis_Dataset6_S5_2D3D_scE2G_scATAC_powerlaw_v3.e2g.tsv.gz	/scratch/users/kaybrand/Data/CharacterizationMcGinnis_Dataset6/S5_2D3D/CharacterizationMcGinnis_Dataset6_S5_2D3D_pgBoost_percentile.e2g.tsv.gz	/scratch/users/kaybrand/Data/CharacterizationMcGinnis_Dataset6/S5_2D3D/CharacterizationMcGinnis_Dataset6_S5_2D3D_ArchR_absolute.e2g.tsv.gz	/scratch/users/kaybrand/Data/CharacterizationMcGinnis_Dataset6/S5_2D3D/CharacterizationMcGinnis_Dataset6_S5_2D3D_Signac_absolute.e2g.tsv.gz	/scratch/users/kaybrand/Data/CharacterizationMcGinnis_Dataset6/S5_2D3D/CharacterizationMcGinnis_Dataset6.H1_Pancreatic_diff_S5_2D3D.Cicero_absolute.e2g.tsv.gz	/scratch/users/kaybrand/Data/CharacterizationMcGinnis_Dataset6/S5_2D3D/CharacterizationMcGinnis_Dataset6_S5_2D3D_SCENT.e2g.tsv.gz			/oak/stanford/groups/engreitz/Users/kaybrand/scE2G/results/CharacterizationMcGinnis_Dataset6/S5_2D3D/reformated_ABC_baseline_absolute.e2g.tsv.gz	/oak/stanford/groups/engreitz/Users/kaybrand/scE2G/results/CharacterizationMcGinnis_Dataset6/S5_2D3D/reformated_ABC_baseline_absolute.e2g.tsv.gz	/oak/stanford/groups/engreitz/Users/kaybrand/scE2G/results/CharacterizationMcGinnis_Dataset6/S5_2D3D/reformated_ABC_baseline_absolute.e2g.tsv.gz	
S4	/scratch/users/kaybrand/Data/CharacterizationMcGinnis_Dataset6/S4/CharacterizationMcGinnis_Dataset6_S4_scE2G_multiome_powerlaw_v3.e2g.tsv.gz	/scratch/users/kaybrand/Data/CharacterizationMcGinnis_Dataset6/S4/CharacterizationMcGinnis_Dataset6_S4_scE2G_scATAC_powerlaw_v3.e2g.tsv.gz	/scratch/users/kaybrand/Data/CharacterizationMcGinnis_Dataset6/S4/CharacterizationMcGinnis_Dataset6_S4_pgBoost_percentile.e2g.tsv.gz	/scratch/users/kaybrand/Data/CharacterizationMcGinnis_Dataset6/S4/CharacterizationMcGinnis_Dataset6_S4_ArchR_absolute.e2g.tsv.gz	/scratch/users/kaybrand/Data/CharacterizationMcGinnis_Dataset6/S4/CharacterizationMcGinnis_Dataset6_S4_Signac_absolute.e2g.tsv.gz	/scratch/users/kaybrand/Data/CharacterizationMcGinnis_Dataset6/S4/CharacterizationMcGinnis_Dataset6.H1_Pancreatic_diff_S4.Cicero_absolute.e2g.tsv.gz	/scratch/users/kaybrand/Data/CharacterizationMcGinnis_Dataset6/S4/CharacterizationMcGinnis_Dataset6_S4_SCENT.e2g.tsv.gz			/oak/stanford/groups/engreitz/Users/kaybrand/scE2G/results/CharacterizationMcGinnis_Dataset6/S4/reformated_ABC_baseline_absolute.e2g.tsv.gz	/oak/stanford/groups/engreitz/Users/kaybrand/scE2G/results/CharacterizationMcGinnis_Dataset6/S4/reformated_ABC_baseline_absolute.e2g.tsv.gz	/oak/stanford/groups/engreitz/Users/kaybrand/scE2G/results/CharacterizationMcGinnis_Dataset6/S4/reformated_ABC_baseline_absolute.e2g.tsv.gz	
S3	/scratch/users/kaybrand/Data/CharacterizationMcGinnis_Dataset6/S3/CharacterizationMcGinnis_Dataset6_S3_scE2G_multiome_powerlaw_v3.e2g.tsv.gz	/scratch/users/kaybrand/Data/CharacterizationMcGinnis_Dataset6/S3/CharacterizationMcGinnis_Dataset6_S3_scE2G_scATAC_powerlaw_v3.e2g.tsv.gz	/scratch/users/kaybrand/Data/CharacterizationMcGinnis_Dataset6/S3/CharacterizationMcGinnis_Dataset6_S3_pgBoost_percentile.e2g.tsv.gz	/scratch/users/kaybrand/Data/CharacterizationMcGinnis_Dataset6/S3/CharacterizationMcGinnis_Dataset6_S3_ArchR_absolute.e2g.tsv.gz	/scratch/users/kaybrand/Data/CharacterizationMcGinnis_Dataset6/S3/CharacterizationMcGinnis_Dataset6_S3_Signac_absolute.e2g.tsv.gz	/scratch/users/kaybrand/Data/CharacterizationMcGinnis_Dataset6/S3/CharacterizationMcGinnis_Dataset6.H1_Pancreatic_diff_S3.Cicero_absolute.e2g.tsv.gz	/scratch/users/kaybrand/Data/CharacterizationMcGinnis_Dataset6/S3/CharacterizationMcGinnis_Dataset6_S3_SCENT.e2g.tsv.gz			/oak/stanford/groups/engreitz/Users/kaybrand/scE2G/results/CharacterizationMcGinnis_Dataset6/S3/reformated_ABC_baseline_absolute.e2g.tsv.gz	/oak/stanford/groups/engreitz/Users/kaybrand/scE2G/results/CharacterizationMcGinnis_Dataset6/S3/reformated_ABC_baseline_absolute.e2g.tsv.gz	/oak/stanford/groups/engreitz/Users/kaybrand/scE2G/results/CharacterizationMcGinnis_Dataset6/S3/reformated_ABC_baseline_absolute.e2g.tsv.gz	
S6_2D	/scratch/users/kaybrand/Data/CharacterizationMcGinnis_Dataset6/S6_2D/CharacterizationMcGinnis_Dataset6_S6_2D_scE2G_multiome_powerlaw_v3.e2g.tsv.gz	/scratch/users/kaybrand/Data/CharacterizationMcGinnis_Dataset6/S6_2D/CharacterizationMcGinnis_Dataset6_S6_2D_scE2G_scATAC_powerlaw_v3.e2g.tsv.gz	/scratch/users/kaybrand/Data/CharacterizationMcGinnis_Dataset6/S6_2D/CharacterizationMcGinnis_Dataset6_S6_2D_pgBoost_percentile.e2g.tsv.gz		/scratch/users/kaybrand/Data/CharacterizationMcGinnis_Dataset6/S6_2D/CharacterizationMcGinnis_Dataset6_S6_2D_Signac_absolute.e2g.tsv.gz	/scratch/users/kaybrand/Data/CharacterizationMcGinnis_Dataset6/S6_2D/CharacterizationMcGinnis_Dataset6.H1_Pancreatic_diff_S6_2D.Cicero_absolute.e2g.tsv.gz				/oak/stanford/groups/engreitz/Users/kaybrand/scE2G/results/CharacterizationMcGinnis_Dataset6/S6_2D/reformated_ABC_baseline_absolute.e2g.tsv.gz	/oak/stanford/groups/engreitz/Users/kaybrand/scE2G/results/CharacterizationMcGinnis_Dataset6/S6_2D/reformated_ABC_baseline_absolute.e2g.tsv.gz	/oak/stanford/groups/engreitz/Users/kaybrand/scE2G/results/CharacterizationMcGinnis_Dataset6/S6_2D/reformated_ABC_baseline_absolute.e2g.tsv.gz	pancreatic_islet
S1	/scratch/users/kaybrand/Data/CharacterizationMcGinnis_Dataset6/S1/CharacterizationMcGinnis_Dataset6_S1_scE2G_multiome_powerlaw_v3.e2g.tsv.gz	/scratch/users/kaybrand/Data/CharacterizationMcGinnis_Dataset6/S1/CharacterizationMcGinnis_Dataset6_S1_scE2G_scATAC_powerlaw_v3.e2g.tsv.gz	/scratch/users/kaybrand/Data/CharacterizationMcGinnis_Dataset6/S1/CharacterizationMcGinnis_Dataset6_S1_pgBoost_percentile.e2g.tsv.gz	/scratch/users/kaybrand/Data/CharacterizationMcGinnis_Dataset6/S1/CharacterizationMcGinnis_Dataset6_S1_ArchR_absolute.e2g.tsv.gz	/scratch/users/kaybrand/Data/CharacterizationMcGinnis_Dataset6/S1/CharacterizationMcGinnis_Dataset6_S1_Signac_absolute.e2g.tsv.gz	/scratch/users/kaybrand/Data/CharacterizationMcGinnis_Dataset6/S1/CharacterizationMcGinnis_Dataset6.H1_Pancreatic_diff_S1.Cicero_absolute.e2g.tsv.gz	/scratch/users/kaybrand/Data/CharacterizationMcGinnis_Dataset6/S1/CharacterizationMcGinnis_Dataset6_S1_SCENT.e2g.tsv.gz			/oak/stanford/groups/engreitz/Users/kaybrand/scE2G/results/CharacterizationMcGinnis_Dataset6/S1/reformated_ABC_baseline_absolute.e2g.tsv.gz	/oak/stanford/groups/engreitz/Users/kaybrand/scE2G/results/CharacterizationMcGinnis_Dataset6/S1/reformated_ABC_baseline_absolute.e2g.tsv.gz	/oak/stanford/groups/engreitz/Users/kaybrand/scE2G/results/CharacterizationMcGinnis_Dataset6/S1/reformated_ABC_baseline_absolute.e2g.tsv.gz	
S5_2D	/scratch/users/kaybrand/Data/CharacterizationMcGinnis_Dataset6/S5_2D/CharacterizationMcGinnis_Dataset6_S5_2D_scE2G_multiome_powerlaw_v3.e2g.tsv.gz	/scratch/users/kaybrand/Data/CharacterizationMcGinnis_Dataset6/S5_2D/CharacterizationMcGinnis_Dataset6_S5_2D_scE2G_scATAC_powerlaw_v3.e2g.tsv.gz	/scratch/users/kaybrand/Data/CharacterizationMcGinnis_Dataset6/S5_2D/CharacterizationMcGinnis_Dataset6_S5_2D_pgBoost_percentile.e2g.tsv.gz	/scratch/users/kaybrand/Data/CharacterizationMcGinnis_Dataset6/S5_2D/CharacterizationMcGinnis_Dataset6_S5_2D_ArchR_absolute.e2g.tsv.gz	/scratch/users/kaybrand/Data/CharacterizationMcGinnis_Dataset6/S5_2D/CharacterizationMcGinnis_Dataset6_S5_2D_Signac_absolute.e2g.tsv.gz	/scratch/users/kaybrand/Data/CharacterizationMcGinnis_Dataset6/S5_2D/CharacterizationMcGinnis_Dataset6.H1_Pancreatic_diff_S5_2D.Cicero_absolute.e2g.tsv.gz				/oak/stanford/groups/engreitz/Users/kaybrand/scE2G/results/CharacterizationMcGinnis_Dataset6/S5_2D/reformated_ABC_baseline_absolute.e2g.tsv.gz	/oak/stanford/groups/engreitz/Users/kaybrand/scE2G/results/CharacterizationMcGinnis_Dataset6/S5_2D/reformated_ABC_baseline_absolute.e2g.tsv.gz	/oak/stanford/groups/engreitz/Users/kaybrand/scE2G/results/CharacterizationMcGinnis_Dataset6/S5_2D/reformated_ABC_baseline_absolute.e2g.tsv.gz	
S6_2D3D	/scratch/users/kaybrand/Data/CharacterizationMcGinnis_Dataset6/S6_2D3D/CharacterizationMcGinnis_Dataset6_S6_2D3D_scE2G_multiome_powerlaw_v3.e2g.tsv.gz	/scratch/users/kaybrand/Data/CharacterizationMcGinnis_Dataset6/S6_2D3D/CharacterizationMcGinnis_Dataset6_S6_2D3D_scE2G_scATAC_powerlaw_v3.e2g.tsv.gz	/scratch/users/kaybrand/Data/CharacterizationMcGinnis_Dataset6/S6_2D3D/CharacterizationMcGinnis_Dataset6_S6_2D3D_pgBoost_percentile.e2g.tsv.gz	/scratch/users/kaybrand/Data/CharacterizationMcGinnis_Dataset6/S6_2D3D/CharacterizationMcGinnis_Dataset6_S6_2D3D_ArchR_absolute.e2g.tsv.gz	/scratch/users/kaybrand/Data/CharacterizationMcGinnis_Dataset6/S6_2D3D/CharacterizationMcGinnis_Dataset6_S6_2D3D_Signac_absolute.e2g.tsv.gz	/scratch/users/kaybrand/Data/CharacterizationMcGinnis_Dataset6/S6_2D3D/CharacterizationMcGinnis_Dataset6.H1_Pancreatic_diff_S6_2D3D.Cicero_absolute.e2g.tsv.gz	/scratch/users/kaybrand/Data/CharacterizationMcGinnis_Dataset6/S6_2D3D/CharacterizationMcGinnis_Dataset6_S6_2D3D_SCENT.e2g.tsv.gz			/oak/stanford/groups/engreitz/Users/kaybrand/scE2G/results/CharacterizationMcGinnis_Dataset6/S6_2D3D/reformated_ABC_baseline_absolute.e2g.tsv.gz	/oak/stanford/groups/engreitz/Users/kaybrand/scE2G/results/CharacterizationMcGinnis_Dataset6/S6_2D3D/reformated_ABC_baseline_absolute.e2g.tsv.gz	/oak/stanford/groups/engreitz/Users/kaybrand/scE2G/results/CharacterizationMcGinnis_Dataset6/S6_2D3D/reformated_ABC_baseline_absolute.e2g.tsv.gz	pancreatic_islet
SMBM_serum	/scratch/users/kaybrand/Data/CharacterizationMcGinnis_Dataset7/SMBM_serum/CharacterizationMcGinnis_Dataset7_SMBM_serum_scE2G_multiome_powerlaw_v3.e2g.tsv.gz	/scratch/users/kaybrand/Data/CharacterizationMcGinnis_Dataset7/SMBM_serum/CharacterizationMcGinnis_Dataset7_SMBM_serum_scE2G_scATAC_powerlaw_v3.e2g.tsv.gz	/scratch/users/kaybrand/Data/CharacterizationMcGinnis_Dataset7/SMBM_serum/CharacterizationMcGinnis_Dataset7_SMBM_serum_pgBoost_percentile.e2g.tsv.gz	/scratch/users/kaybrand/Data/CharacterizationMcGinnis_Dataset7/SMBM_serum/CharacterizationMcGinnis_Dataset7_SMBM_serum_ArchR_absolute.e2g.tsv.gz	/scratch/users/kaybrand/Data/CharacterizationMcGinnis_Dataset7/SMBM_serum/CharacterizationMcGinnis_Dataset7_SMBM_serum_Signac_absolute.e2g.tsv.gz	/scratch/users/kaybrand/Data/CharacterizationMcGinnis_Dataset7/SMBM_serum/CharacterizationMcGinnis_Dataset7.SMBM_serum.Cicero_absolute.e2g.tsv.gz	/scratch/users/kaybrand/Data/CharacterizationMcGinnis_Dataset7/SMBM_serum/CharacterizationMcGinnis_Dataset7_SMBM_serum_SCENT.e2g.tsv.gz			/oak/stanford/groups/engreitz/Users/kaybrand/scE2G/results/CharacterizationMcGinnis_Dataset7/SMBM_serum/reformated_ABC_baseline_absolute.e2g.tsv.gz	/oak/stanford/groups/engreitz/Users/kaybrand/scE2G/results/CharacterizationMcGinnis_Dataset7/SMBM_serum/reformated_ABC_baseline_absolute.e2g.tsv.gz	/oak/stanford/groups/engreitz/Users/kaybrand/scE2G/results/CharacterizationMcGinnis_Dataset7/SMBM_serum/reformated_ABC_baseline_absolute.e2g.tsv.gz	
SMBM_noserum	/scratch/users/kaybrand/Data/CharacterizationMcGinnis_Dataset7/SMBM_noserum/CharacterizationMcGinnis_Dataset7_SMBM_noserum_scE2G_multiome_powerlaw_v3.e2g.tsv.gz	/scratch/users/kaybrand/Data/CharacterizationMcGinnis_Dataset7/SMBM_noserum/CharacterizationMcGinnis_Dataset7_SMBM_noserum_scE2G_scATAC_powerlaw_v3.e2g.tsv.gz	/scratch/users/kaybrand/Data/CharacterizationMcGinnis_Dataset7/SMBM_noserum/CharacterizationMcGinnis_Dataset7_SMBM_noserum_pgBoost_percentile.e2g.tsv.gz	/scratch/users/kaybrand/Data/CharacterizationMcGinnis_Dataset7/SMBM_noserum/CharacterizationMcGinnis_Dataset7_SMBM_noserum_ArchR_absolute.e2g.tsv.gz	/scratch/users/kaybrand/Data/CharacterizationMcGinnis_Dataset7/SMBM_noserum/CharacterizationMcGinnis_Dataset7_SMBM_noserum_Signac_absolute.e2g.tsv.gz	/scratch/users/kaybrand/Data/CharacterizationMcGinnis_Dataset7/SMBM_noserum/CharacterizationMcGinnis_Dataset7.SMBM_no_serum.Cicero_absolute.e2g.tsv.gz				/oak/stanford/groups/engreitz/Users/kaybrand/scE2G/results/CharacterizationMcGinnis_Dataset7/SMBM_noserum/reformated_ABC_baseline_absolute.e2g.tsv.gz	/oak/stanford/groups/engreitz/Users/kaybrand/scE2G/results/CharacterizationMcGinnis_Dataset7/SMBM_noserum/reformated_ABC_baseline_absolute.e2g.tsv.gz	/oak/stanford/groups/engreitz/Users/kaybrand/scE2G/results/CharacterizationMcGinnis_Dataset7/SMBM_noserum/reformated_ABC_baseline_absolute.e2g.tsv.gz	
DMEM_noserum	/scratch/users/kaybrand/Data/CharacterizationMcGinnis_Dataset7/DMEM_noserum/CharacterizationMcGinnis_Dataset7_DMEM_noserum_scE2G_multiome_powerlaw_v3.e2g.tsv.gz	/scratch/users/kaybrand/Data/CharacterizationMcGinnis_Dataset7/DMEM_noserum/CharacterizationMcGinnis_Dataset7_DMEM_noserum_scE2G_scATAC_powerlaw_v3.e2g.tsv.gz	/scratch/users/kaybrand/Data/CharacterizationMcGinnis_Dataset7/DMEM_noserum/CharacterizationMcGinnis_Dataset7_DMEM_noserum_pgBoost_percentile.e2g.tsv.gz	/scratch/users/kaybrand/Data/CharacterizationMcGinnis_Dataset7/DMEM_noserum/CharacterizationMcGinnis_Dataset7_DMEM_noserum_ArchR_absolute.e2g.tsv.gz	/scratch/users/kaybrand/Data/CharacterizationMcGinnis_Dataset7/DMEM_noserum/CharacterizationMcGinnis_Dataset7_DMEM_noserum_Signac_absolute.e2g.tsv.gz	/scratch/users/kaybrand/Data/CharacterizationMcGinnis_Dataset7/DMEM_noserum/CharacterizationMcGinnis_Dataset7.DMEM_no_serum.Cicero_absolute.e2g.tsv.gz				/oak/stanford/groups/engreitz/Users/kaybrand/scE2G/results/CharacterizationMcGinnis_Dataset7/DMEM_noserum/reformated_ABC_baseline_absolute.e2g.tsv.gz	/oak/stanford/groups/engreitz/Users/kaybrand/scE2G/results/CharacterizationMcGinnis_Dataset7/DMEM_noserum/reformated_ABC_baseline_absolute.e2g.tsv.gz	/oak/stanford/groups/engreitz/Users/kaybrand/scE2G/results/CharacterizationMcGinnis_Dataset7/DMEM_noserum/reformated_ABC_baseline_absolute.e2g.tsv.gz	
calcification_d10	/scratch/users/kaybrand/Data/CharacterizationMcGinnis_Dataset7/calcification_d10/CharacterizationMcGinnis_Dataset7_calcification_d10_scE2G_multiome_powerlaw_v3.e2g.tsv.gz	/scratch/users/kaybrand/Data/CharacterizationMcGinnis_Dataset7/calcification_d10/CharacterizationMcGinnis_Dataset7_calcification_d10_scE2G_scATAC_powerlaw_v3.e2g.tsv.gz	/scratch/users/kaybrand/Data/CharacterizationMcGinnis_Dataset7/calcification_d10/CharacterizationMcGinnis_Dataset7_calcification_d10_pgBoost_percentile.e2g.tsv.gz	/scratch/users/kaybrand/Data/CharacterizationMcGinnis_Dataset7/calcification_d10/CharacterizationMcGinnis_Dataset7_calcification_d10_ArchR_absolute.e2g.tsv.gz	/scratch/users/kaybrand/Data/CharacterizationMcGinnis_Dataset7/calcification_d10/CharacterizationMcGinnis_Dataset7_calcification_d10_Signac_absolute.e2g.tsv.gz	/scratch/users/kaybrand/Data/CharacterizationMcGinnis_Dataset7/calcification_d10/CharacterizationMcGinnis_Dataset7.calcification_d10.Cicero_absolute.e2g.tsv.gz	/scratch/users/kaybrand/Data/CharacterizationMcGinnis_Dataset7/calcification_d10/CharacterizationMcGinnis_Dataset7_calcification_d10_SCENT.e2g.tsv.gz			/oak/stanford/groups/engreitz/Users/kaybrand/scE2G/results/CharacterizationMcGinnis_Dataset7/calcification_d10/reformated_ABC_baseline_absolute.e2g.tsv.gz	/oak/stanford/groups/engreitz/Users/kaybrand/scE2G/results/CharacterizationMcGinnis_Dataset7/calcification_d10/reformated_ABC_baseline_absolute.e2g.tsv.gz	/oak/stanford/groups/engreitz/Users/kaybrand/scE2G/results/CharacterizationMcGinnis_Dataset7/calcification_d10/reformated_ABC_baseline_absolute.e2g.tsv.gz	fibroblast
calcification_d6	/scratch/users/kaybrand/Data/CharacterizationMcGinnis_Dataset7/calcification_d6/CharacterizationMcGinnis_Dataset7_calcification_d6_scE2G_multiome_powerlaw_v3.e2g.tsv.gz	/scratch/users/kaybrand/Data/CharacterizationMcGinnis_Dataset7/calcification_d6/CharacterizationMcGinnis_Dataset7_calcification_d6_scE2G_scATAC_powerlaw_v3.e2g.tsv.gz	/scratch/users/kaybrand/Data/CharacterizationMcGinnis_Dataset7/calcification_d6/CharacterizationMcGinnis_Dataset7_calcification_d6_pgBoost_percentile.e2g.tsv.gz	/scratch/users/kaybrand/Data/CharacterizationMcGinnis_Dataset7/calcification_d6/CharacterizationMcGinnis_Dataset7_calcification_d6_ArchR_absolute.e2g.tsv.gz	/scratch/users/kaybrand/Data/CharacterizationMcGinnis_Dataset7/calcification_d6/CharacterizationMcGinnis_Dataset7_calcification_d6_Signac_absolute.e2g.tsv.gz	/scratch/users/kaybrand/Data/CharacterizationMcGinnis_Dataset7/calcification_d6/CharacterizationMcGinnis_Dataset7.calcification_d6.Cicero_absolute.e2g.tsv.gz	/scratch/users/kaybrand/Data/CharacterizationMcGinnis_Dataset7/calcification_d6/CharacterizationMcGinnis_Dataset7_calcification_d6_SCENT.e2g.tsv.gz			/oak/stanford/groups/engreitz/Users/kaybrand/scE2G/results/CharacterizationMcGinnis_Dataset7/calcification_d6/reformated_ABC_baseline_absolute.e2g.tsv.gz	/oak/stanford/groups/engreitz/Users/kaybrand/scE2G/results/CharacterizationMcGinnis_Dataset7/calcification_d6/reformated_ABC_baseline_absolute.e2g.tsv.gz	/oak/stanford/groups/engreitz/Users/kaybrand/scE2G/results/CharacterizationMcGinnis_Dataset7/calcification_d6/reformated_ABC_baseline_absolute.e2g.tsv.gz	fibroblast
GM12878	/scratch/users/kaybrand/Data/GM12878_10XMultiome/GM12878/GM12878_10XMultiome_GM12878_scE2G_multiome_powerlaw_v3.e2g.tsv.gz	/scratch/users/kaybrand/Data/GM12878_10XMultiome/GM12878/GM12878_10XMultiome_GM12878_scE2G_scATAC_powerlaw_v3.e2g.tsv.gz	/scratch/users/kaybrand/Data/GM12878_10XMultiome/GM12878/GM12878_10XMultiome_GM12878_pgBoost_percentile.e2g.tsv.gz	/scratch/users/kaybrand/Data/GM12878_10XMultiome/GM12878/GM12878_10XMultiome_GM12878_ArchR_absolute.e2g.tsv.gz	/scratch/users/kaybrand/Data/GM12878_10XMultiome/GM12878/GM12878_10XMultiome_GM12878_Signac_absolute.e2g.tsv.gz	/scratch/users/kaybrand/Data/GM12878_10XMultiome/GM12878/GM12878_10XMultiome_GM12878_Cicero_absolute.e2g.tsv.gz	/scratch/users/kaybrand/Data/GM12878_10XMultiome/GM12878/GM12878_10XMultiome_GM12878_SCENT.e2g.tsv.gz			/oak/stanford/groups/engreitz/Users/kaybrand/scE2G/results/GM12878_10XMultiome/GM12878/reformated_ABC_baseline_absolute.e2g.tsv.gz	/oak/stanford/groups/engreitz/Users/kaybrand/scE2G/results/GM12878_10XMultiome/GM12878/reformated_ABC_baseline_absolute.e2g.tsv.gz	/oak/stanford/groups/engreitz/Users/kaybrand/scE2G/results/GM12878_10XMultiome/GM12878/reformated_ABC_baseline_absolute.e2g.tsv.gz	LCL
teloHAEC-4hr	/scratch/users/kaybrand/Data/CharacterizationMcGinnis_Dataset2/teloHAEC-4hr/CharacterizationMcGinnis_Dataset2_teloHAEC-4hr_scE2G_multiome_powerlaw_v3.e2g.tsv.gz	/scratch/users/kaybrand/Data/CharacterizationMcGinnis_Dataset2/teloHAEC-4hr/CharacterizationMcGinnis_Dataset2_teloHAEC-4hr_scE2G_scATAC_powerlaw_v3.e2g.tsv.gz	/scratch/users/kaybrand/Data/CharacterizationMcGinnis_Dataset2/teloHAEC-4hr/CharacterizationMcGinnis_Dataset2_teloHAEC-4hr_pgBoost_percentile.e2g.tsv.gz	/scratch/users/kaybrand/Data/CharacterizationMcGinnis_Dataset2/teloHAEC-4hr/CharacterizationMcGinnis_Dataset2_teloHAEC-4hr_ArchR_absolute.e2g.tsv.gz	/scratch/users/kaybrand/Data/CharacterizationMcGinnis_Dataset2/teloHAEC-4hr/CharacterizationMcGinnis_Dataset2_teloHAEC-4hr_Signac_absolute.e2g.tsv.gz	/scratch/users/kaybrand/Data/CharacterizationMcGinnis_Dataset2/teloHAEC-4hr/CharacterizationMcGinnis_Dataset2.teloHAEC_TNFa_4hr.Cicero_absolute.e2g.tsv.gz	/scratch/users/kaybrand/Data/CharacterizationMcGinnis_Dataset2/teloHAEC-4hr/CharacterizationMcGinnis_Dataset2_teloHAEC-4hr_SCENT.e2g.tsv.gz			/oak/stanford/groups/engreitz/Users/kaybrand/scE2G/results/CharacterizationMcGinnis_Dataset2/teloHAEC-4hr/reformated_ABC_baseline_absolute.e2g.tsv.gz	/oak/stanford/groups/engreitz/Users/kaybrand/scE2G/results/CharacterizationMcGinnis_Dataset2/teloHAEC-4hr/reformated_ABC_baseline_absolute.e2g.tsv.gz	/oak/stanford/groups/engreitz/Users/kaybrand/scE2G/results/CharacterizationMcGinnis_Dataset2/teloHAEC-4hr/reformated_ABC_baseline_absolute.e2g.tsv.gz	
teloHAEC-24hr	/scratch/users/kaybrand/Data/CharacterizationMcGinnis_Dataset2/teloHAEC-24hr/CharacterizationMcGinnis_Dataset2_teloHAEC-24hr_scE2G_multiome_powerlaw_v3.e2g.tsv.gz	/scratch/users/kaybrand/Data/CharacterizationMcGinnis_Dataset2/teloHAEC-24hr/CharacterizationMcGinnis_Dataset2_teloHAEC-24hr_scE2G_scATAC_powerlaw_v3.e2g.tsv.gz	/scratch/users/kaybrand/Data/CharacterizationMcGinnis_Dataset2/teloHAEC-24hr/CharacterizationMcGinnis_Dataset2_teloHAEC-24hr_pgBoost_percentile.e2g.tsv.gz	/scratch/users/kaybrand/Data/CharacterizationMcGinnis_Dataset2/teloHAEC-24hr/CharacterizationMcGinnis_Dataset2_teloHAEC-24hr_ArchR_absolute.e2g.tsv.gz	/scratch/users/kaybrand/Data/CharacterizationMcGinnis_Dataset2/teloHAEC-24hr/CharacterizationMcGinnis_Dataset2_teloHAEC-24hr_Signac_absolute.e2g.tsv.gz	/scratch/users/kaybrand/Data/CharacterizationMcGinnis_Dataset2/teloHAEC-24hr/CharacterizationMcGinnis_Dataset2.teloHAEC_TNFa_24hr.Cicero_absolute.e2g.tsv.gz	/scratch/users/kaybrand/Data/CharacterizationMcGinnis_Dataset2/teloHAEC-24hr/CharacterizationMcGinnis_Dataset2_teloHAEC-24hr_SCENT.e2g.tsv.gz			/oak/stanford/groups/engreitz/Users/kaybrand/scE2G/results/CharacterizationMcGinnis_Dataset2/teloHAEC-24hr/reformated_ABC_baseline_absolute.e2g.tsv.gz	/oak/stanford/groups/engreitz/Users/kaybrand/scE2G/results/CharacterizationMcGinnis_Dataset2/teloHAEC-24hr/reformated_ABC_baseline_absolute.e2g.tsv.gz	/oak/stanford/groups/engreitz/Users/kaybrand/scE2G/results/CharacterizationMcGinnis_Dataset2/teloHAEC-24hr/reformated_ABC_baseline_absolute.e2g.tsv.gz	
teloHAEC-0hr	/scratch/users/kaybrand/Data/CharacterizationMcGinnis_Dataset2/teloHAEC-0hr/CharacterizationMcGinnis_Dataset2_teloHAEC-0hr_scE2G_multiome_powerlaw_v3.e2g.tsv.gz	/scratch/users/kaybrand/Data/CharacterizationMcGinnis_Dataset2/teloHAEC-0hr/CharacterizationMcGinnis_Dataset2_teloHAEC-0hr_scE2G_scATAC_powerlaw_v3.e2g.tsv.gz	/scratch/users/kaybrand/Data/CharacterizationMcGinnis_Dataset2/teloHAEC-0hr/CharacterizationMcGinnis_Dataset2_teloHAEC-0hr_pgBoost_percentile.e2g.tsv.gz	/scratch/users/kaybrand/Data/CharacterizationMcGinnis_Dataset2/teloHAEC-0hr/CharacterizationMcGinnis_Dataset2_teloHAEC-0hr_ArchR_absolute.e2g.tsv.gz	/scratch/users/kaybrand/Data/CharacterizationMcGinnis_Dataset2/teloHAEC-0hr/CharacterizationMcGinnis_Dataset2_teloHAEC-0hr_Signac_absolute.e2g.tsv.gz	/scratch/users/kaybrand/Data/CharacterizationMcGinnis_Dataset2/teloHAEC-0hr/CharacterizationMcGinnis_Dataset2.teloHAEC_TNFa_0hr.Cicero_absolute.e2g.tsv.gz	/scratch/users/kaybrand/Data/CharacterizationMcGinnis_Dataset2/teloHAEC-0hr/CharacterizationMcGinnis_Dataset2_teloHAEC-0hr_SCENT.e2g.tsv.gz			/oak/stanford/groups/engreitz/Users/kaybrand/scE2G/results/CharacterizationMcGinnis_Dataset2/teloHAEC-0hr/reformated_ABC_baseline_absolute.e2g.tsv.gz	/oak/stanford/groups/engreitz/Users/kaybrand/scE2G/results/CharacterizationMcGinnis_Dataset2/teloHAEC-0hr/reformated_ABC_baseline_absolute.e2g.tsv.gz	/oak/stanford/groups/engreitz/Users/kaybrand/scE2G/results/CharacterizationMcGinnis_Dataset2/teloHAEC-0hr/reformated_ABC_baseline_absolute.e2g.tsv.gz	